{"stats":{"minecraft:crafted":{"minecraft:wooden_sword":1,"minecraft:oak_planks":28,"minecraft:wooden_pickaxe":1,"minecraft:furnace":1,"minecraft:birch_planks":36,"minecraft:stone_axe":1,"regions_unexplored:mauve_planks":20,"minecraft:stick":18,"minecraft:stone_pickaxe":1,"minecraft:wooden_axe":1,"minecraft:stone_sword":2,"minecraft:torch":28},"minecraft:mined":{"botania:lime_mystical_flower":1,"regions_unexplored:silver_birch_leaf_pile":1,"minecraft:powder_snow":9,"minecraft:grass_block":1,"regions_unexplored:silt_dirt":6,"twigs:twig":1,"minecraft:copper_ore":8,"modern_industrialization:lignite_coal_ore":63,"minecraft:tall_grass":1,"regions_unexplored:maple_leaves":2,"frostiful:hot_sun_lichen":1,"techreborn:tin_ore":4,"regions_unexplored:hyssop":1,"regions_unexplored:stone_bud":1,"minecraft:iron_ore":1,"regions_unexplored:mauve_planks":2,"treechop:chopped_log":3,"croptopia:peach_crop":5,"minecraft:stone_brick_stairs":2,"minecraft:mossy_stone_brick_stairs":1,"minecraft:oak_log":2,"minecraft:coal_ore":30,"croptopia:apple_crop":10,"regions_unexplored:red_maple_leaves":2,"bewitchment:salt_ore":5,"minecraft:lantern":2,"minecraft:gravel":1,"regions_unexplored:medium_grass":1,"minecraft:stone":43,"minecraft:stone_bricks":5,"regions_unexplored:silt_grass_block":4,"minecraft:mossy_stone_bricks":1,"minecraft:oak_leaves":6},"minecraft:dropped":{"minecraft:rotten_flesh":1,"regions_unexplored:hyssop":2,"minecraft:wooden_sword":1,"minecraft:wooden_pickaxe":1,"regions_unexplored:mauve_sapling":2},"minecraft:broken":{"minecraft:stone_pickaxe":1},"minecraft:custom":{"lootr:looted_stat":5,"minecraft:mob_kills":7,"minecraft:interact_with_crafting_table":8,"minecraft:damage_dealt_resisted":0,"minecraft:interact_with_grindstone":2,"minecraft:time_since_death":25024,"minecraft:damage_resisted":0,"minecraft:hex":0,"minecraft:time_since_rest":25050,"minecraft:sprint_one_cm":306945,"minecraft:damage_taken":1062,"minecraft:walk_one_cm":163333,"minecraft:damage_blocked_by_shield":270,"minecraft:drop":6,"minecraft:damage_dealt":1310,"minecraft:swim_one_cm":1731,"minecraft:fly_one_cm":132127,"minecraft:deaths":1,"minecraft:crouch_one_cm":171,"minecraft:play_time":64649,"minecraft:sneak_time":214,"minecraft:walk_under_water_one_cm":3036,"minecraft:jump":1213,"minecraft:walk_on_water_one_cm":13041,"minecraft:total_world_time":64649,"minecraft:fall_one_cm":14973},"minecraft:used":{"minecraft:stone_sword":58,"minecraft:stone_pickaxe":132,"minecraft:wooden_pickaxe":42,"minecraft:shield":7,"rogues:iron_double_axe":7,"minecraft:torch":6,"minecraft:dirt":1,"regions_unexplored:mauve_planks":19,"minecraft:apple":9,"minecraft:bread":10,"minecraft:gravel":1,"minecraft:stone_axe":38,"croptopia:peach":5},"minecraft:killed":{"minecraft:sheep":1,"minecraft:skeleton":1,"minecraft:zombie":5},"minecraft:picked_up":{"techreborn:raw_tin":4,"modern_industrialization:lignite_coal":63,"croptopia:peach":5,"twigs:roseate_seashell":1,"regions_unexplored:silt_dirt":1,"minecraft:wooden_pickaxe":1,"minecraft:red_mushroom":1,"minecraft:stone_brick_stairs":1,"minecraft:oak_log":7,"minecraft:dirt":1,"minecraft:string":2,"minecraft:lantern":2,"minecraft:raw_copper":29,"minecraft:wooden_sword":1,"minecraft:bone":2,"minecraft:apple":9,"minecraft:stone_bricks":5,"minecraft:iron_ingot":1,"twigs:twig":9,"regions_unexplored:silver_birch_sapling":5,"minecraft:raw_iron":1,"minecraft:gravel":1,"bewitchment:salt":5,"regions_unexplored:mauve_planks":3,"regions_unexplored:hyssop":2,"regions_unexplored:mauve_sapling":4,"minecraft:rotten_flesh":1,"regions_unexplored:mauve_log":5,"regions_unexplored:silver_birch_log":18,"minecraft:mutton":1,"minecraft:coal":30,"minecraft:white_wool":1,"minecraft:cobblestone":42}},"DataVersion":3465}