{"stats":{"minecraft:mined":{"regions_unexplored:medium_grass":1,"regions_unexplored:hyssop":1},"minecraft:dropped":{"regions_unexplored:hyssop":2},"minecraft:custom":{"minecraft:jump":33,"minecraft:time_since_rest":4649,"minecraft:crouch_one_cm":34,"minecraft:sprint_one_cm":10815,"minecraft:play_time":4649,"minecraft:time_since_death":4649,"minecraft:walk_one_cm":6403,"minecraft:sneak_time":13,"minecraft:total_world_time":4649,"minecraft:hex":0,"minecraft:drop":2,"minecraft:fall_one_cm":209,"minecraft:fly_one_cm":4721},"minecraft:picked_up":{"regions_unexplored:hyssop":2,"regions_unexplored:mauve_sapling":2,"twigs:twig":1,"regions_unexplored:mauve_log":5}},"DataVersion":3465}