{"stats":{"minecraft:crafted":{"minecraft:wooden_sword":1,"minecraft:oak_planks":28,"minecraft:furnace":1,"minecraft:cooked_mutton":1,"immersive_armors:wooden_chestplate":1,"regions_unexplored:mauve_planks":20,"minecraft:stone_pickaxe":2,"immersive_armors:wooden_helmet":1,"minecraft:crafting_table":2,"minecraft:wooden_pickaxe":1,"immersive_armors:wooden_leggings":1,"minecraft:birch_planks":64,"minecraft:stone_axe":1,"immersive_armors:wooden_boots":1,"minecraft:diamond_pickaxe":1,"minecraft:stick":28,"minecraft:iron_ingot":1,"minecraft:wooden_axe":1,"minecraft:stone_sword":2,"minecraft:torch":28},"minecraft:mined":{"techreborn:sapphire_ore":2,"minecraft:mossy_cobblestone":2,"minecraft:mossy_stone_brick_slab":2,"minecraft:dark_oak_fence":1,"minecraft:purple_terracotta":4,"minecraft:grass_block":1,"twigs:twig":1,"modern_industrialization:lignite_coal_ore":63,"regions_unexplored:maple_leaves":2,"frostiful:hot_sun_lichen":1,"regions_unexplored:stone_bud":1,"minecraft:dark_oak_trapdoor":1,"techreborn:lead_ore":6,"minecraft:iron_ore":1,"treechop:chopped_log":5,"regions_unexplored:larch_leaves":3,"croptopia:peach_crop":5,"regions_unexplored:pine_leaves":1,"minecraft:mossy_stone_brick_stairs":1,"bewitchment:salt_ore":5,"croptopia:apple_crop":10,"regions_unexplored:red_maple_leaves":2,"minecraft:lantern":2,"powah:uraninite_ore_poor":2,"regions_unexplored:medium_grass":2,"ae2:sky_stone_block":17,"minecraft:stone":86,"regions_unexplored:silt_grass_block":10,"botania:lime_mystical_flower":1,"regions_unexplored:silver_birch_leaf_pile":1,"minecraft:powder_snow":9,"minecraft:emerald_ore":3,"regions_unexplored:silt_dirt":25,"minecraft:copper_ore":8,"minecraft:tall_grass":1,"techreborn:tin_ore":4,"regions_unexplored:hyssop":1,"minecraft:coarse_dirt":2,"graveyard:oak_coffin":1,"minecraft:magenta_bed":2,"regions_unexplored:mauve_planks":4,"minecraft:stone_brick_stairs":2,"betterarcheology:rotten_planks":2,"minecraft:grass":1,"minecraft:coal_ore":30,"minecraft:oak_log":2,"minecraft:gravel":1,"minecraft:stone_bricks":5,"minecraft:mossy_stone_bricks":1,"minecraft:oak_leaves":11},"minecraft:dropped":{"minecraft:wheat_seeds":1,"regions_unexplored:silver_birch_sapling":19,"minecraft:wooden_axe":1,"minecraft:wooden_sword":2,"minecraft:string":9,"regions_unexplored:mauve_sapling":2,"bewitchment:salt":5,"minecraft:dark_oak_sign":1,"minecraft:raw_copper":1,"immersive_armors:wooden_boots":2,"minecraft:soul_lantern":1,"minecraft:rotten_flesh":1,"minecraft:mossy_stone_brick_slab":4,"regions_unexplored:hyssop":2,"regions_unexplored:larch_sapling":2,"minecraft:golden_sword":2,"regions_unexplored:orange_coneflower":8,"minecraft:wooden_pickaxe":1,"regions_unexplored:silt_dirt":2,"immersive_armors:wooden_helmet":2},"minecraft:broken":{"minecraft:stone_pickaxe":1},"minecraft:custom":{"lootr:looted_stat":14,"minecraft:mob_kills":12,"minecraft:interact_with_crafting_table":16,"minecraft:damage_dealt_resisted":0,"minecraft:time_since_death":31700,"minecraft:climb_one_cm":976,"minecraft:damage_resisted":0,"minecraft:sprint_one_cm":563461,"minecraft:walk_one_cm":271989,"minecraft:damage_blocked_by_shield":473,"minecraft:drop":29,"minecraft:play_time":103355,"minecraft:deaths":3,"minecraft:sneak_time":225,"minecraft:walk_under_water_one_cm":7349,"minecraft:jump":2083,"minecraft:walk_on_water_one_cm":40552,"minecraft:total_world_time":103355,"minecraft:interact_with_furnace":4,"minecraft:interact_with_loom":1,"minecraft:interact_with_grindstone":2,"minecraft:sleep_in_bed":1,"minecraft:hex":0,"minecraft:time_since_rest":2057,"minecraft:damage_taken":2323,"minecraft:damage_dealt":1750,"minecraft:swim_one_cm":59977,"minecraft:fly_one_cm":233642,"minecraft:crouch_one_cm":171,"minecraft:fall_one_cm":38063},"minecraft:used":{"regions_unexplored:silt_dirt":25,"minecraft:stone_sword":86,"minecraft:shield":11,"minecraft:torch":9,"minecraft:dirt":1,"croptopia:peach":5,"minecraft:furnace":1,"minecraft:cooked_beef":4,"minecraft:cooked_mutton":1,"minecraft:stone_pickaxe":200,"minecraft:wooden_pickaxe":42,"rogues:iron_double_axe":7,"minecraft:crafting_table":2,"minecraft:magenta_bed":1,"regions_unexplored:mauve_planks":23,"minecraft:diamond_pickaxe":36,"minecraft:apple":10,"minecraft:bread":13,"minecraft:gravel":1,"minecraft:stone_axe":64},"minecraft:killed":{"minecraft:skeleton":3,"graveyard:ghoul":2,"minecraft:sheep":1,"minecraft:zombie":6},"minecraft:picked_up":{"techreborn:raw_tin":4,"modern_industrialization:lignite_coal":63,"croptopia:peach":5,"twigs:roseate_seashell":1,"regions_unexplored:silt_dirt":28,"minecraft:wooden_pickaxe":1,"minecraft:stone_brick_stairs":1,"minecraft:golden_sword":2,"minecraft:string":11,"minecraft:raw_copper":30,"minecraft:wooden_sword":1,"minecraft:raw_iron":1,"minecraft:stick":2,"paladins:paladin_armor_head":1,"ae2:sky_stone_block":16,"immersive_armors:wooden_helmet":1,"bewitchment:garlic":1,"minecraft:rotten_flesh":1,"regions_unexplored:mauve_sapling":4,"regions_unexplored:mauve_log":5,"minecraft:mutton":1,"minecraft:white_wool":1,"minecraft:cobblestone":85,"minecraft:cooked_beef":4,"minecraft:red_mushroom":1,"minecraft:oak_log":7,"minecraft:magenta_bed":2,"minecraft:dirt":1,"minecraft:lantern":2,"minecraft:bone":4,"minecraft:stone_bricks":5,"minecraft:apple":9,"minecraft:bow":1,"minecraft:wheat_seeds":2,"minecraft:iron_ingot":1,"minecraft:dark_oak_sign":1,"regions_unexplored:larch_sapling":2,"twigs:twig":12,"regions_unexplored:orange_coneflower":8,"regions_unexplored:silver_birch_sapling":19,"techreborn:raw_lead":6,"minecraft:gravel":1,"bewitchment:salt":5,"powah:uraninite_raw":2,"minecraft:mossy_stone_brick_slab":4,"regions_unexplored:mauve_planks":5,"regions_unexplored:hyssop":2,"paladins:paladin_armor_feet":1,"minecraft:soul_lantern":1,"regions_unexplored:silver_birch_log":40,"minecraft:emerald":3,"minecraft:coal":30,"immersive_armors:wooden_boots":1}},"DataVersion":3465}