{"stats":{"minecraft:crafted":{"minecraft:wooden_sword":1,"minecraft:oak_planks":28,"minecraft:wooden_pickaxe":1,"minecraft:furnace":1,"minecraft:birch_planks":36,"minecraft:stone_axe":1,"regions_unexplored:mauve_planks":20,"minecraft:stick":12,"minecraft:stone_pickaxe":1,"minecraft:wooden_axe":1,"minecraft:stone_sword":2},"minecraft:mined":{"regions_unexplored:silver_birch_leaf_pile":1,"minecraft:powder_snow":1,"minecraft:copper_ore":8,"modern_industrialization:lignite_coal_ore":63,"minecraft:tall_grass":1,"regions_unexplored:maple_leaves":1,"techreborn:tin_ore":4,"regions_unexplored:hyssop":1,"regions_unexplored:stone_bud":1,"minecraft:iron_ore":1,"treechop:chopped_log":3,"croptopia:peach_crop":5,"minecraft:stone_brick_stairs":2,"minecraft:mossy_stone_brick_stairs":1,"minecraft:oak_log":2,"minecraft:coal_ore":30,"croptopia:apple_crop":10,"bewitchment:salt_ore":5,"minecraft:lantern":2,"regions_unexplored:medium_grass":1,"minecraft:stone":31,"minecraft:stone_bricks":5,"minecraft:mossy_stone_bricks":1,"minecraft:oak_leaves":6},"minecraft:dropped":{"minecraft:rotten_flesh":1,"regions_unexplored:hyssop":2,"minecraft:wooden_sword":1,"minecraft:wooden_pickaxe":1},"minecraft:broken":{"minecraft:stone_pickaxe":1},"minecraft:custom":{"lootr:looted_stat":4,"minecraft:mob_kills":5,"minecraft:interact_with_crafting_table":8,"minecraft:damage_dealt_resisted":0,"minecraft:interact_with_grindstone":2,"minecraft:time_since_death":1024,"minecraft:damage_resisted":0,"minecraft:hex":0,"minecraft:time_since_rest":1050,"minecraft:sprint_one_cm":160816,"minecraft:damage_taken":764,"minecraft:walk_one_cm":99143,"minecraft:damage_blocked_by_shield":270,"minecraft:drop":5,"minecraft:damage_dealt":1045,"minecraft:swim_one_cm":821,"minecraft:fly_one_cm":77278,"minecraft:deaths":1,"minecraft:crouch_one_cm":34,"minecraft:play_time":40649,"minecraft:sneak_time":28,"minecraft:walk_under_water_one_cm":1420,"minecraft:jump":629,"minecraft:walk_on_water_one_cm":1618,"minecraft:total_world_time":40649,"minecraft:fall_one_cm":7632},"minecraft:used":{"minecraft:stone_sword":46,"minecraft:stone_pickaxe":132,"minecraft:wooden_pickaxe":24,"minecraft:shield":7,"minecraft:apple":4,"minecraft:bread":6,"minecraft:stone_axe":19,"croptopia:peach":5},"minecraft:killed":{"minecraft:sheep":1,"minecraft:skeleton":1,"minecraft:zombie":3},"minecraft:picked_up":{"techreborn:raw_tin":4,"modern_industrialization:lignite_coal":63,"croptopia:peach":5,"twigs:roseate_seashell":1,"minecraft:wooden_pickaxe":1,"minecraft:red_mushroom":1,"minecraft:stone_brick_stairs":1,"minecraft:oak_log":7,"minecraft:string":2,"minecraft:lantern":2,"minecraft:raw_copper":29,"minecraft:wooden_sword":1,"minecraft:bone":2,"minecraft:apple":9,"minecraft:stone_bricks":5,"minecraft:iron_ingot":1,"twigs:twig":8,"regions_unexplored:silver_birch_sapling":5,"minecraft:raw_iron":1,"bewitchment:salt":5,"regions_unexplored:hyssop":2,"regions_unexplored:mauve_sapling":2,"minecraft:rotten_flesh":1,"regions_unexplored:mauve_log":5,"regions_unexplored:silver_birch_log":18,"minecraft:mutton":1,"minecraft:coal":30,"minecraft:white_wool":1,"minecraft:cobblestone":30}},"DataVersion":3465}