{"stats":{"minecraft:crafted":{"minecraft:wooden_sword":1,"minecraft:oak_planks":28,"regions_unexplored:mauve_planks":20,"minecraft:stick":12,"minecraft:wooden_pickaxe":1,"minecraft:stone_pickaxe":1,"minecraft:wooden_axe":1,"minecraft:stone_sword":2,"minecraft:stone_axe":1},"minecraft:mined":{"regions_unexplored:hyssop":1,"treechop:chopped_log":1,"croptopia:peach_crop":5,"modern_industrialization:lignite_coal_ore":40,"minecraft:copper_ore":7,"regions_unexplored:medium_grass":1,"minecraft:stone":17,"minecraft:oak_leaves":3,"techreborn:tin_ore":4},"minecraft:dropped":{"minecraft:wooden_sword":1,"minecraft:wooden_pickaxe":1,"regions_unexplored:hyssop":2},"minecraft:custom":{"minecraft:time_since_rest":16649,"minecraft:sprint_one_cm":32439,"minecraft:walk_one_cm":27754,"minecraft:mob_kills":2,"minecraft:drop":4,"minecraft:damage_dealt":354,"minecraft:interact_with_crafting_table":7,"minecraft:fly_one_cm":21204,"minecraft:crouch_one_cm":34,"minecraft:play_time":16649,"minecraft:sneak_time":23,"minecraft:jump":126,"minecraft:damage_dealt_resisted":0,"minecraft:time_since_death":16649,"minecraft:total_world_time":16649,"minecraft:hex":0,"minecraft:fall_one_cm":1672},"minecraft:used":{"minecraft:stone_sword":17,"minecraft:stone_pickaxe":58,"minecraft:wooden_pickaxe":11},"minecraft:killed":{"minecraft:zombie":2},"minecraft:picked_up":{"techreborn:raw_tin":4,"modern_industrialization:lignite_coal":38,"croptopia:peach":5,"minecraft:wooden_pickaxe":1,"minecraft:oak_log":7,"minecraft:raw_copper":24,"minecraft:wooden_sword":1,"regions_unexplored:hyssop":2,"minecraft:rotten_flesh":1,"regions_unexplored:mauve_sapling":2,"regions_unexplored:mauve_log":5,"minecraft:iron_ingot":1,"twigs:twig":6,"minecraft:cobblestone":16}},"DataVersion":3465}