{"stats":{"minecraft:crafted":{"minecraft:wooden_sword":1,"minecraft:oak_planks":28,"minecraft:crafting_table":1,"minecraft:wooden_pickaxe":1,"minecraft:furnace":1,"minecraft:birch_planks":36,"minecraft:stone_axe":1,"minecraft:cooked_mutton":1,"regions_unexplored:mauve_planks":20,"minecraft:stick":22,"minecraft:iron_ingot":1,"minecraft:stone_pickaxe":2,"minecraft:wooden_axe":1,"minecraft:stone_sword":2,"minecraft:torch":28},"minecraft:mined":{"botania:lime_mystical_flower":1,"regions_unexplored:silver_birch_leaf_pile":1,"minecraft:powder_snow":9,"minecraft:grass_block":1,"regions_unexplored:silt_dirt":17,"twigs:twig":1,"modern_industrialization:lignite_coal_ore":63,"minecraft:tall_grass":1,"minecraft:copper_ore":8,"regions_unexplored:maple_leaves":2,"frostiful:hot_sun_lichen":1,"techreborn:tin_ore":4,"regions_unexplored:hyssop":1,"regions_unexplored:stone_bud":1,"minecraft:iron_ore":1,"regions_unexplored:mauve_planks":4,"treechop:chopped_log":4,"croptopia:peach_crop":5,"minecraft:stone_brick_stairs":2,"minecraft:mossy_stone_brick_stairs":1,"minecraft:oak_log":2,"minecraft:coal_ore":30,"croptopia:apple_crop":10,"regions_unexplored:red_maple_leaves":2,"bewitchment:salt_ore":5,"minecraft:lantern":2,"minecraft:gravel":1,"regions_unexplored:medium_grass":1,"minecraft:stone_bricks":5,"minecraft:stone":73,"regions_unexplored:silt_grass_block":7,"minecraft:mossy_stone_bricks":1,"minecraft:oak_leaves":6},"minecraft:dropped":{"minecraft:raw_copper":1,"minecraft:rotten_flesh":1,"regions_unexplored:hyssop":2,"minecraft:wooden_sword":1,"minecraft:wooden_pickaxe":1,"regions_unexplored:silt_dirt":2,"regions_unexplored:mauve_sapling":2},"minecraft:broken":{"minecraft:stone_pickaxe":1},"minecraft:custom":{"minecraft:interact_with_furnace":4,"lootr:looted_stat":5,"minecraft:mob_kills":7,"minecraft:interact_with_crafting_table":11,"minecraft:interact_with_grindstone":2,"minecraft:damage_dealt_resisted":0,"minecraft:time_since_death":1700,"minecraft:damage_resisted":0,"minecraft:hex":0,"minecraft:time_since_rest":1727,"minecraft:sprint_one_cm":357286,"minecraft:damage_taken":1880,"minecraft:walk_one_cm":183295,"minecraft:damage_blocked_by_shield":270,"minecraft:drop":9,"minecraft:damage_dealt":1310,"minecraft:swim_one_cm":1731,"minecraft:fly_one_cm":146212,"minecraft:play_time":73355,"minecraft:crouch_one_cm":171,"minecraft:deaths":3,"minecraft:sneak_time":214,"minecraft:walk_under_water_one_cm":3036,"minecraft:jump":1311,"minecraft:walk_on_water_one_cm":14785,"minecraft:total_world_time":73355,"minecraft:fall_one_cm":21389},"minecraft:used":{"regions_unexplored:silt_dirt":3,"minecraft:cooked_mutton":1,"minecraft:stone_sword":59,"minecraft:stone_pickaxe":171,"minecraft:wooden_pickaxe":42,"minecraft:shield":7,"rogues:iron_double_axe":7,"minecraft:torch":6,"minecraft:dirt":1,"minecraft:crafting_table":1,"regions_unexplored:mauve_planks":23,"minecraft:apple":9,"minecraft:bread":10,"minecraft:gravel":1,"minecraft:stone_axe":50,"croptopia:peach":5,"minecraft:furnace":1},"minecraft:killed":{"minecraft:sheep":1,"minecraft:skeleton":1,"minecraft:zombie":5},"minecraft:picked_up":{"techreborn:raw_tin":4,"modern_industrialization:lignite_coal":63,"croptopia:peach":5,"twigs:roseate_seashell":1,"minecraft:wooden_pickaxe":1,"regions_unexplored:silt_dirt":17,"minecraft:red_mushroom":1,"minecraft:stone_brick_stairs":1,"minecraft:oak_log":7,"minecraft:dirt":1,"minecraft:string":2,"minecraft:lantern":2,"minecraft:raw_copper":30,"minecraft:wooden_sword":1,"minecraft:bone":2,"minecraft:apple":9,"minecraft:stone_bricks":5,"minecraft:iron_ingot":1,"twigs:twig":9,"regions_unexplored:orange_coneflower":4,"regions_unexplored:silver_birch_sapling":8,"minecraft:stick":1,"minecraft:raw_iron":1,"minecraft:gravel":1,"bewitchment:salt":5,"regions_unexplored:mauve_planks":5,"regions_unexplored:hyssop":2,"regions_unexplored:mauve_sapling":4,"minecraft:rotten_flesh":1,"regions_unexplored:mauve_log":5,"regions_unexplored:silver_birch_log":29,"minecraft:mutton":1,"minecraft:coal":30,"minecraft:white_wool":1,"minecraft:cobblestone":72}},"DataVersion":3465}