{"stats":{"minecraft:crafted":{"minecraft:wooden_sword":1,"minecraft:oak_planks":28,"minecraft:crafting_table":1,"minecraft:wooden_pickaxe":1,"immersive_armors:wooden_leggings":1,"minecraft:furnace":1,"minecraft:birch_planks":36,"minecraft:stone_axe":1,"minecraft:cooked_mutton":1,"immersive_armors:wooden_chestplate":1,"immersive_armors:wooden_boots":1,"regions_unexplored:mauve_planks":20,"minecraft:stick":28,"minecraft:iron_ingot":1,"minecraft:stone_pickaxe":2,"minecraft:wooden_axe":1,"minecraft:stone_sword":2,"immersive_armors:wooden_helmet":1,"minecraft:torch":28},"minecraft:mined":{"botania:lime_mystical_flower":1,"minecraft:mossy_stone_brick_slab":2,"regions_unexplored:silver_birch_leaf_pile":1,"minecraft:powder_snow":9,"minecraft:dark_oak_fence":1,"minecraft:grass_block":1,"regions_unexplored:silt_dirt":25,"twigs:twig":1,"modern_industrialization:lignite_coal_ore":63,"minecraft:tall_grass":1,"minecraft:copper_ore":8,"regions_unexplored:maple_leaves":2,"frostiful:hot_sun_lichen":1,"techreborn:tin_ore":4,"regions_unexplored:hyssop":1,"regions_unexplored:stone_bud":1,"graveyard:oak_coffin":1,"minecraft:dark_oak_trapdoor":1,"minecraft:iron_ore":1,"minecraft:magenta_bed":1,"regions_unexplored:mauve_planks":4,"regions_unexplored:larch_leaves":2,"treechop:chopped_log":5,"croptopia:peach_crop":5,"minecraft:stone_brick_stairs":2,"minecraft:grass":1,"minecraft:mossy_stone_brick_stairs":1,"minecraft:oak_log":2,"minecraft:coal_ore":30,"croptopia:apple_crop":10,"regions_unexplored:red_maple_leaves":2,"bewitchment:salt_ore":5,"minecraft:lantern":2,"minecraft:gravel":1,"regions_unexplored:medium_grass":2,"minecraft:stone_bricks":5,"minecraft:stone":77,"regions_unexplored:silt_grass_block":10,"minecraft:mossy_stone_bricks":1,"minecraft:oak_leaves":11},"minecraft:dropped":{"minecraft:wheat_seeds":1,"minecraft:dark_oak_sign":1,"minecraft:raw_copper":1,"minecraft:soul_lantern":1,"minecraft:rotten_flesh":1,"regions_unexplored:silver_birch_sapling":19,"regions_unexplored:hyssop":2,"minecraft:wooden_axe":1,"regions_unexplored:orange_coneflower":8,"minecraft:wooden_sword":2,"minecraft:wooden_pickaxe":1,"regions_unexplored:silt_dirt":2,"regions_unexplored:mauve_sapling":2},"minecraft:broken":{"minecraft:stone_pickaxe":1},"minecraft:custom":{"minecraft:interact_with_furnace":4,"lootr:looted_stat":8,"minecraft:mob_kills":12,"minecraft:interact_with_crafting_table":15,"minecraft:interact_with_loom":1,"minecraft:interact_with_grindstone":2,"minecraft:damage_dealt_resisted":0,"minecraft:time_since_death":19700,"minecraft:climb_one_cm":976,"minecraft:damage_resisted":0,"minecraft:hex":0,"minecraft:time_since_rest":19727,"minecraft:sprint_one_cm":478475,"minecraft:damage_taken":2160,"minecraft:walk_one_cm":244059,"minecraft:damage_blocked_by_shield":473,"minecraft:drop":17,"minecraft:damage_dealt":1750,"minecraft:swim_one_cm":41721,"minecraft:fly_one_cm":192532,"minecraft:play_time":91355,"minecraft:crouch_one_cm":171,"minecraft:deaths":3,"minecraft:sneak_time":214,"minecraft:walk_under_water_one_cm":5028,"minecraft:jump":1695,"minecraft:walk_on_water_one_cm":30660,"minecraft:total_world_time":91355,"minecraft:fall_one_cm":29306},"minecraft:used":{"regions_unexplored:silt_dirt":25,"minecraft:cooked_mutton":1,"minecraft:stone_sword":86,"minecraft:stone_pickaxe":187,"minecraft:wooden_pickaxe":42,"minecraft:shield":11,"rogues:iron_double_axe":7,"minecraft:torch":9,"minecraft:dirt":1,"minecraft:crafting_table":1,"regions_unexplored:mauve_planks":23,"minecraft:apple":9,"minecraft:bread":13,"minecraft:gravel":1,"minecraft:stone_axe":62,"croptopia:peach":5,"minecraft:furnace":1,"minecraft:cooked_beef":2},"minecraft:killed":{"graveyard:ghoul":2,"minecraft:sheep":1,"minecraft:skeleton":3,"minecraft:zombie":6},"minecraft:picked_up":{"techreborn:raw_tin":4,"modern_industrialization:lignite_coal":63,"minecraft:cooked_beef":4,"croptopia:peach":5,"twigs:roseate_seashell":1,"minecraft:wooden_pickaxe":1,"regions_unexplored:silt_dirt":28,"minecraft:red_mushroom":1,"minecraft:stone_brick_stairs":1,"minecraft:oak_log":7,"minecraft:magenta_bed":1,"minecraft:dirt":1,"minecraft:string":2,"minecraft:lantern":2,"minecraft:raw_copper":30,"minecraft:wooden_sword":1,"minecraft:bone":4,"minecraft:apple":9,"minecraft:stone_bricks":5,"minecraft:bow":1,"minecraft:wheat_seeds":2,"minecraft:iron_ingot":1,"minecraft:dark_oak_sign":1,"twigs:twig":12,"regions_unexplored:orange_coneflower":8,"regions_unexplored:silver_birch_sapling":19,"minecraft:stick":2,"minecraft:raw_iron":1,"minecraft:gravel":1,"bewitchment:salt":5,"minecraft:mossy_stone_brick_slab":2,"bewitchment:garlic":1,"regions_unexplored:mauve_planks":5,"regions_unexplored:hyssop":2,"regions_unexplored:mauve_sapling":4,"minecraft:rotten_flesh":1,"minecraft:soul_lantern":1,"regions_unexplored:mauve_log":5,"regions_unexplored:silver_birch_log":40,"minecraft:mutton":1,"minecraft:coal":30,"minecraft:white_wool":1,"minecraft:cobblestone":76}},"DataVersion":3465}