{"stats":{"minecraft:crafted":{"minecraft:oak_planks":20,"paladins:paladin_armor_feet":1,"minecraft:stone":91,"minecraft:copper_ingot":35,"minecraft:stone_axe":1,"minecraft:air":0,"regions_unexplored:mauve_planks":60,"paladins:paladin_armor_legs":1,"minecraft:charcoal":8,"justhammers:stone_hammer":13,"minecraft:stick":76,"minecraft:iron_ingot":13,"minecraft:iron_pickaxe":1,"minecraft:stone_pickaxe":1,"minecraft:chest":3,"minecraft:torch":40},"minecraft:mined":{"minecraft:kelp_plant":3,"create_new_age:thorium_ore":22,"minecraft:copper_ore":1,"techreborn:tin_ore":5,"minecraft:furnace":1,"treechop:chopped_log":7,"minecraft:grass":10,"minecraft:vine":2,"minecraft:gravel":8,"minecraft:dirt":4,"regions_unexplored:medium_grass":4,"minecraft:stone":33,"minecraft:oak_leaves":1,"minecraft:deepslate":4},"minecraft:dropped":{"minecraft:cobbled_deepslate":61,"minecraft:tuff":21,"minecraft:cobblestone":278,"minecraft:oak_planks":8,"regions_unexplored:mauve_planks":4,"farmersdelight:straw":2,"minecraft:poppy":1,"archon:earth_essence":1},"minecraft:custom":{"minecraft:interact_with_furnace":36,"minecraft:mob_kills":4,"minecraft:interact_with_crafting_table":28,"minecraft:damage_dealt_resisted":0,"minecraft:interact_with_grindstone":5,"minecraft:leave_game":4,"minecraft:time_since_death":64376,"minecraft:damage_resisted":0,"minecraft:hex":0,"minecraft:time_since_rest":64376,"minecraft:sprint_one_cm":92958,"minecraft:damage_taken":285,"minecraft:walk_one_cm":168601,"minecraft:drop":14,"minecraft:damage_dealt":548,"minecraft:swim_one_cm":8522,"minecraft:fly_one_cm":32840,"minecraft:open_chest":8,"minecraft:crouch_one_cm":1875,"minecraft:play_time":64376,"minecraft:sneak_time":571,"minecraft:walk_under_water_one_cm":3718,"minecraft:jump":562,"minecraft:walk_on_water_one_cm":2166,"minecraft:total_world_time":64376,"minecraft:fall_one_cm":7006},"minecraft:used":{"bewitchment:garlic_bread":1,"minecraft:stone_sword":30,"minecraft:stone_pickaxe":63,"minecraft:chest":3,"minecraft:stone":1,"minecraft:torch":1,"minecraft:dirt":2,"croptopia:orange":2,"regions_unexplored:hyssop":2,"regions_unexplored:fireweed":1,"minecraft:bread":4,"minecraft:iron_pickaxe":1,"justhammers:stone_hammer":409,"minecraft:stone_axe":37,"minecraft:cobblestone":33,"minecraft:furnace":1},"minecraft:killed":{"bewitchment:owl":1,"minecraft:zombie":3},"minecraft:picked_up":{"techreborn:raw_tin":51,"modern_industrialization:lignite_coal":81,"minecraft:crafting_table":1,"create_new_age:thorium":77,"minecraft:andesite":13,"techreborn:tin_ingot":5,"minecraft:tuff":21,"archon:earth_essence":1,"minecraft:oak_log":5,"indrev:raw_tungsten":4,"minecraft:lapis_lazuli":43,"minecraft:dirt":2,"minecraft:raw_copper":85,"minecraft:wheat_seeds":5,"minecraft:cobbled_deepslate":187,"create_new_age:magnetite_block":3,"modern_industrialization:raw_uranium":3,"farmersdelight:straw":4,"minecraft:poppy":1,"bewitchment:garlic_bread":1,"twigs:twig":8,"minecraft:furnace":1,"minecraft:raw_iron":17,"bewitchment:salt":25,"minecraft:diorite":103,"regions_unexplored:hyssop":21,"regions_unexplored:fireweed":5,"regions_unexplored:mauve_sapling":14,"modern_industrialization:raw_nickel":17,"regions_unexplored:mauve_log":30,"croptopia:orange":5,"minecraft:granite":109,"indrev:nikolite_dust":14,"minecraft:oak_sapling":2,"minecraft:coal":61,"minecraft:cobblestone":1170}},"DataVersion":3465}