{"stats":{"minecraft:crafted":{"minecraft:oak_planks":20,"paladins:paladin_armor_feet":1,"indrev:copper_chestplate":1,"minecraft:stone":95,"minecraft:copper_ingot":35,"minecraft:stone_axe":1,"minecraft:air":0,"minecraft:diamond_pickaxe":1,"regions_unexplored:mauve_planks":60,"paladins:paladin_armor_legs":1,"minecraft:charcoal":8,"justhammers:stone_hammer":16,"minecraft:stick":76,"minecraft:iron_ingot":17,"minecraft:iron_pickaxe":2,"minecraft:stone_pickaxe":1,"minecraft:chest":3,"minecraft:gold_ingot":12,"paladins:paladin_armor_head":1,"minecraft:torch":40},"minecraft:mined":{"create:deepslate_zinc_ore":13,"powah:deepslate_uraninite_ore":5,"minecraft:tuff":3,"techreborn:deepslate_bauxite_ore":41,"techreborn:deepslate_silver_ore":25,"minecraft:deepslate_diamond_ore":30,"minecraft:kelp_plant":3,"powah:uraninite_ore":2,"create_new_age:thorium_ore":22,"twigs:petrified_lichen":1,"minecraft:copper_ore":1,"techreborn:bauxite_ore":9,"minecraft:deepslate_gold_ore":12,"minecraft:oak_planks":2,"minecraft:diorite":1,"techreborn:tin_ore":5,"powah:deepslate_uraninite_ore_poor":18,"minecraft:deepslate_copper_ore":1,"techreborn:silver_ore":2,"modern_industrialization:tungsten_ore":2,"minecraft:furnace":1,"techreborn:ruby_ore":5,"techreborn:lead_ore":2,"minecraft:cobbled_deepslate":1,"techreborn:deepslate_lead_ore":15,"treechop:chopped_log":7,"minecraft:grass":10,"soulsweapons:moonstone_ore_deepslate":4,"techreborn:galena_ore":6,"minecraft:vine":2,"archon:earth_node":2,"minecraft:gravel":11,"minecraft:dirt":4,"regions_unexplored:medium_grass":4,"minecraft:stone":39,"minecraft:oak_leaves":1,"minecraft:deepslate":98},"minecraft:dropped":{"bewitchment:salt":7,"minecraft:cobbled_deepslate":99,"minecraft:tuff":21,"minecraft:cobblestone":279,"minecraft:oak_planks":8,"regions_unexplored:mauve_planks":11,"farmersdelight:straw":2,"minecraft:poppy":1,"minecraft:diorite":1,"archon:earth_essence":1,"modern_industrialization:raw_antimony":1,"indrev:nikolite_dust":18},"minecraft:broken":{"minecraft:iron_pickaxe":1},"minecraft:custom":{"minecraft:interact_with_furnace":41,"minecraft:mob_kills":4,"minecraft:interact_with_crafting_table":42,"minecraft:damage_dealt_resisted":0,"minecraft:interact_with_grindstone":6,"minecraft:leave_game":5,"minecraft:time_since_death":119068,"minecraft:damage_resisted":0,"minecraft:hex":0,"minecraft:time_since_rest":119068,"minecraft:sprint_one_cm":142294,"minecraft:damage_taken":365,"minecraft:walk_one_cm":343710,"minecraft:drop":24,"minecraft:damage_dealt":593,"minecraft:talked_to_villager":1,"minecraft:swim_one_cm":8522,"minecraft:fly_one_cm":39159,"minecraft:open_chest":16,"minecraft:crouch_one_cm":3746,"minecraft:play_time":119068,"minecraft:sneak_time":2030,"minecraft:walk_under_water_one_cm":3718,"minecraft:jump":756,"minecraft:walk_on_water_one_cm":2166,"minecraft:total_world_time":119068,"minecraft:fall_one_cm":10931},"minecraft:used":{"bewitchment:garlic_bread":1,"minecraft:stone_sword":31,"minecraft:stone_pickaxe":63,"minecraft:chest":3,"minecraft:stone":1,"minecraft:torch":4,"minecraft:dirt":2,"minecraft:crafting_table":1,"croptopia:orange":5,"regions_unexplored:hyssop":2,"regions_unexplored:fireweed":1,"minecraft:diamond_pickaxe":6,"minecraft:bread":7,"minecraft:iron_pickaxe":297,"justhammers:stone_hammer":595,"minecraft:stone_axe":39,"minecraft:cobblestone":33,"minecraft:furnace":1,"minecraft:cobbled_deepslate":1},"minecraft:killed":{"bewitchment:owl":1,"minecraft:zombie":3},"minecraft:picked_up":{"techreborn:raw_tin":51,"minecraft:crafting_table":1,"modern_industrialization:lignite_coal":89,"create_new_age:thorium":77,"modern_industrialization:raw_antimony":1,"minecraft:andesite":13,"regions_unexplored:silt_dirt":1,"techreborn:tin_ingot":5,"soulsweapons:moonstone":4,"archon:earth_essence":4,"minecraft:tuff":21,"create:raw_zinc":13,"minecraft:oak_log":5,"indrev:raw_tungsten":5,"minecraft:lapis_lazuli":64,"minecraft:dirt":2,"minecraft:raw_copper":87,"techreborn:galena_ore":5,"techreborn:raw_silver":27,"minecraft:wheat_seeds":5,"minecraft:raw_gold":12,"minecraft:cobbled_deepslate":256,"create_new_age:magnetite_block":3,"modern_industrialization:raw_uranium":13,"farmersdelight:straw":4,"techreborn:deepslate_bauxite_ore":41,"minecraft:poppy":1,"bewitchment:garlic_bread":1,"twigs:twig":8,"minecraft:oak_planks":2,"minecraft:furnace":1,"minecraft:raw_iron":18,"modern_industrialization:raw_tungsten":6,"techreborn:raw_lead":17,"techreborn:ruby_gem":7,"powah:uraninite_raw":32,"bewitchment:salt":25,"minecraft:diorite":104,"techreborn:red_garnet_gem":4,"techreborn:bauxite_ore":9,"regions_unexplored:hyssop":21,"modern_industrialization:raw_nickel":18,"regions_unexplored:mauve_sapling":14,"regions_unexplored:fireweed":5,"minecraft:diamond":30,"minecraft:stone_axe":1,"regions_unexplored:mauve_log":30,"croptopia:orange":5,"minecraft:granite":109,"minecraft:oak_sapling":2,"indrev:nikolite_dust":32,"minecraft:coal":61,"minecraft:cobblestone":1173}},"DataVersion":3465}