{"stats":{"minecraft:crafted":{"minecraft:oak_planks":24,"paladins:paladin_armor_feet":1,"betterend:diamond_hammer":1,"indrev:copper_chestplate":1,"minecraft:stone":95,"regions_unexplored:mauve_planks":60,"paladins:paladin_armor_legs":1,"minecraft:iron_axe":1,"minecraft:stone_pickaxe":1,"minecraft:chest":4,"paladins:paladin_armor_head":1,"bewitchment:grilled_garlic":3,"minecraft:copper_ingot":35,"minecraft:stone_axe":1,"techreborn:refined_iron_ingot":1,"minecraft:air":0,"minecraft:charcoal":8,"minecraft:diamond_pickaxe":1,"justhammers:stone_hammer":16,"minecraft:stick":80,"minecraft:iron_pickaxe":2,"minecraft:iron_ingot":17,"minecraft:gold_ingot":12,"minecraft:torch":40},"minecraft:mined":{"powah:deepslate_uraninite_ore":5,"create:deepslate_zinc_ore":13,"minecraft:tuff":3,"minecraft:oak_sapling":1,"minecraft:farmland":3,"minecraft:deepslate_diamond_ore":30,"create_new_age:thorium_ore":22,"minecraft:soul_campfire":1,"techreborn:bauxite_ore":9,"farmersdelight:wild_onions":4,"modern_industrialization:tungsten_ore":2,"minecraft:furnace":1,"techreborn:lead_ore":2,"minecraft:cobbled_deepslate":1,"minecraft:andesite":1,"techreborn:deepslate_lead_ore":15,"treechop:chopped_log":8,"soulsweapons:moonstone_ore_deepslate":4,"minecraft:vine":2,"regions_unexplored:medium_grass":15,"minecraft:stone":104,"regions_unexplored:silt_grass_block":1,"twigs:opaline_seashell":1,"minecraft:orange_bed":1,"techreborn:deepslate_bauxite_ore":41,"techreborn:deepslate_silver_ore":25,"minecraft:kelp_plant":3,"minecraft:smoker":2,"powah:uraninite_ore":2,"minecraft:cyan_glazed_terracotta":1,"minecraft:blast_furnace":1,"minecraft:emerald_ore":34,"minecraft:rose_bush":2,"twigs:petrified_lichen":1,"minecraft:tall_grass":13,"minecraft:copper_ore":1,"regions_unexplored:meadow_sage":1,"minecraft:deepslate_gold_ore":12,"minecraft:cyan_bed":1,"regions_unexplored:daisy":2,"minecraft:oak_planks":2,"minecraft:diorite":17,"minecraft:deepslate_copper_ore":1,"powah:deepslate_uraninite_ore_poor":18,"techreborn:tin_ore":5,"regions_unexplored:hyssop":7,"techreborn:silver_ore":2,"techreborn:ruby_ore":5,"minecraft:grass":174,"techreborn:galena_ore":6,"minecraft:gravel":12,"archon:earth_node":2,"minecraft:dirt":4,"minecraft:chipped_anvil":1,"minecraft:oak_leaves":1,"minecraft:deepslate":98,"regions_unexplored:fireweed":6},"minecraft:dropped":{"minecraft:cyan_glazed_terracotta":1,"minecraft:feather":3,"minecraft:cobblestone":287,"paladins:paladin_armor_head":1,"techreborn:rubber_sapling":8,"minecraft:dirt":3,"minecraft:diorite":6,"minecraft:gravel":1,"minecraft:stone_axe":1,"minecraft:soul_soil":1,"paladins:paladin_armor_feet":1,"bewitchment:salt":7,"minecraft:stone_sword":1,"minecraft:cobbled_deepslate":99,"minecraft:tuff":21,"minecraft:raw_iron":1,"minecraft:oak_planks":8,"regions_unexplored:mauve_planks":11,"farmersdelight:straw":2,"promenade:asphalt":6,"minecraft:poppy":1,"supplementaries:flax_seeds":6,"archon:earth_essence":1,"minecraft:oak_sapling":1,"modern_industrialization:raw_antimony":1,"indrev:nikolite_dust":18,"minecraft:stone_pickaxe":1,"regions_unexplored:silt_dirt":2},"minecraft:broken":{"minecraft:iron_pickaxe":1},"minecraft:custom":{"minecraft:interact_with_smithing_table":2,"lootr:looted_stat":10,"minecraft:mob_kills":4,"minecraft:interact_with_crafting_table":45,"minecraft:damage_dealt_resisted":0,"minecraft:leave_game":5,"minecraft:time_since_death":158686,"minecraft:damage_resisted":0,"minecraft:sprint_one_cm":253373,"minecraft:walk_one_cm":485734,"minecraft:drop":44,"minecraft:talked_to_villager":4,"minecraft:play_time":158686,"minecraft:sneak_time":7145,"minecraft:walk_under_water_one_cm":6926,"minecraft:jump":1354,"minecraft:walk_on_water_one_cm":3880,"minecraft:total_world_time":158686,"minecraft:interact_with_furnace":46,"minecraft:traded_with_villager":1,"minecraft:interact_with_grindstone":6,"minecraft:sleep_in_bed":2,"minecraft:hex":0,"minecraft:time_since_rest":2057,"minecraft:damage_taken":417,"minecraft:damage_dealt":632,"minecraft:swim_one_cm":12551,"minecraft:fly_one_cm":94236,"minecraft:open_chest":24,"minecraft:crouch_one_cm":20628,"minecraft:interact_with_smoker":1,"minecraft:fall_one_cm":20570},"minecraft:used":{"minecraft:stone_sword":32,"minecraft:chest":4,"minecraft:stone":1,"minecraft:orange_bed":1,"minecraft:torch":4,"minecraft:dirt":2,"regions_unexplored:hyssop":2,"minecraft:iron_axe":5,"minecraft:furnace":1,"minecraft:cobbled_deepslate":1,"bewitchment:garlic_bread":1,"minecraft:stone_pickaxe":63,"minecraft:crafting_table":1,"croptopia:orange":5,"regions_unexplored:fireweed":1,"minecraft:diamond_pickaxe":127,"minecraft:bread":9,"minecraft:iron_pickaxe":297,"justhammers:stone_hammer":649,"minecraft:stone_axe":42,"minecraft:cobblestone":215},"minecraft:killed":{"bewitchment:owl":1,"minecraft:zombie":3},"minecraft:picked_up":{"techreborn:raw_tin":51,"create_new_age:thorium":77,"modern_industrialization:lignite_coal":89,"minecraft:crafting_table":1,"regions_unexplored:silt_dirt":2,"soulsweapons:moonstone":4,"minecraft:soul_soil":1,"minecraft:raw_copper":87,"techreborn:galena_ore":5,"techreborn:raw_silver":27,"minecraft:cobbled_deepslate":256,"modern_industrialization:raw_uranium":13,"farmersdelight:straw":4,"minecraft:poppy":1,"bewitchment:garlic_bread":1,"minecraft:furnace":1,"minecraft:raw_iron":18,"promenade:asphalt":6,"minecraft:torch":3,"minecraft:cyan_glazed_terracotta":1,"techreborn:ruby_gem":7,"minecraft:diorite":109,"minecraft:orange_bed":1,"bewitchment:garlic":3,"regions_unexplored:mauve_sapling":14,"farmersdelight:onion":4,"regions_unexplored:mauve_log":30,"minecraft:cobblestone":1417,"modern_industrialization:raw_antimony":1,"minecraft:andesite":13,"minecraft:red_mushroom":3,"minecraft:smoker":2,"techreborn:tin_ingot":5,"create:raw_zinc":13,"minecraft:tuff":21,"archon:earth_essence":4,"minecraft:oak_log":12,"supplementaries:flax_seeds":6,"indrev:raw_tungsten":5,"minecraft:lapis_lazuli":64,"minecraft:dirt":5,"minecraft:chipped_anvil":1,"minecraft:apple":1,"minecraft:wheat_seeds":21,"minecraft:raw_gold":12,"create_new_age:magnetite_block":3,"techreborn:deepslate_bauxite_ore":41,"twigs:twig":8,"minecraft:iron_sword":1,"minecraft:oak_planks":2,"modern_industrialization:raw_tungsten":6,"techreborn:raw_lead":17,"minecraft:gravel":1,"bewitchment:salt":25,"powah:uraninite_raw":32,"minecraft:blast_furnace":1,"minecraft:cyan_bed":1,"techreborn:rubber_sapling":8,"techreborn:red_garnet_gem":4,"techreborn:bauxite_ore":9,"regions_unexplored:hyssop":21,"modern_industrialization:raw_nickel":18,"regions_unexplored:fireweed":5,"minecraft:diamond":30,"minecraft:stone_axe":1,"croptopia:orange":5,"minecraft:granite":109,"minecraft:emerald":31,"minecraft:oak_sapling":3,"indrev:nikolite_dust":32,"minecraft:coal":61}},"DataVersion":3465}