{"stats":{"minecraft:crafted":{"minecraft:oak_planks":20,"regions_unexplored:mauve_planks":4,"minecraft:charcoal":8,"justhammers:stone_hammer":9,"minecraft:stick":40,"minecraft:stone_pickaxe":1,"minecraft:stone":27,"minecraft:stone_axe":1,"minecraft:air":0},"minecraft:mined":{"minecraft:kelp_plant":3,"treechop:chopped_log":7,"minecraft:grass":10,"minecraft:gravel":8,"minecraft:vine":2,"create_new_age:thorium_ore":22,"minecraft:dirt":4,"minecraft:copper_ore":1,"regions_unexplored:medium_grass":4,"minecraft:stone":31,"minecraft:oak_leaves":1,"techreborn:tin_ore":5},"minecraft:dropped":{"minecraft:poppy":1,"minecraft:oak_planks":8,"farmersdelight:straw":2,"regions_unexplored:mauve_planks":4},"minecraft:custom":{"minecraft:time_since_rest":31734,"minecraft:interact_with_furnace":19,"minecraft:sprint_one_cm":56707,"minecraft:damage_taken":191,"minecraft:walk_one_cm":83168,"minecraft:mob_kills":3,"minecraft:drop":4,"minecraft:damage_dealt":326,"minecraft:interact_with_crafting_table":16,"minecraft:fly_one_cm":25423,"minecraft:crouch_one_cm":1367,"minecraft:play_time":31734,"minecraft:walk_under_water_one_cm":442,"minecraft:sneak_time":344,"minecraft:damage_dealt_resisted":0,"minecraft:jump":279,"minecraft:interact_with_grindstone":2,"minecraft:leave_game":2,"minecraft:walk_on_water_one_cm":89,"minecraft:time_since_death":31734,"minecraft:damage_resisted":0,"minecraft:total_world_time":31734,"minecraft:hex":0,"minecraft:fall_one_cm":5526},"minecraft:used":{"regions_unexplored:fireweed":1,"bewitchment:garlic_bread":1,"minecraft:stone_sword":18,"minecraft:bread":1,"minecraft:stone_pickaxe":57,"justhammers:stone_hammer":168,"minecraft:stone_axe":37,"minecraft:cobblestone":16,"croptopia:orange":2,"regions_unexplored:hyssop":2},"minecraft:killed":{"bewitchment:owl":1,"minecraft:zombie":2},"minecraft:picked_up":{"techreborn:raw_tin":37,"modern_industrialization:lignite_coal":22,"create_new_age:thorium":77,"bewitchment:salt":18,"minecraft:oak_log":5,"minecraft:lapis_lazuli":36,"minecraft:dirt":2,"minecraft:raw_copper":58,"regions_unexplored:hyssop":21,"regions_unexplored:mauve_sapling":14,"regions_unexplored:fireweed":5,"minecraft:wheat_seeds":5,"regions_unexplored:mauve_log":30,"croptopia:orange":5,"minecraft:granite":63,"farmersdelight:straw":4,"minecraft:poppy":1,"bewitchment:garlic_bread":1,"minecraft:oak_sapling":2,"twigs:twig":8,"minecraft:coal":45,"minecraft:cobblestone":365}},"DataVersion":3465}