{"stats":{"minecraft:crafted":{"minecraft:oak_planks":20,"regions_unexplored:mauve_planks":4,"minecraft:charcoal":8,"justhammers:stone_hammer":9,"minecraft:stick":32,"minecraft:stone_pickaxe":1,"minecraft:stone":27,"minecraft:stone_axe":1,"minecraft:air":0},"minecraft:mined":{"treechop:chopped_log":5,"minecraft:grass":9,"minecraft:vine":2,"minecraft:dirt":1,"minecraft:copper_ore":1,"regions_unexplored:medium_grass":4,"minecraft:stone":31,"minecraft:oak_leaves":1,"techreborn:tin_ore":5},"minecraft:dropped":{"minecraft:oak_planks":8,"regions_unexplored:mauve_planks":4},"minecraft:custom":{"minecraft:time_since_rest":19734,"minecraft:interact_with_furnace":18,"minecraft:sprint_one_cm":39980,"minecraft:damage_taken":40,"minecraft:walk_one_cm":48049,"minecraft:drop":2,"minecraft:interact_with_crafting_table":15,"minecraft:fly_one_cm":19060,"minecraft:crouch_one_cm":1367,"minecraft:play_time":19734,"minecraft:sneak_time":344,"minecraft:jump":193,"minecraft:leave_game":2,"minecraft:time_since_death":19734,"minecraft:total_world_time":19734,"minecraft:hex":0,"minecraft:fall_one_cm":4421},"minecraft:used":{"regions_unexplored:fireweed":1,"minecraft:stone_pickaxe":37,"justhammers:stone_hammer":17,"minecraft:stone_axe":23,"minecraft:cobblestone":16,"croptopia:orange":1,"regions_unexplored:hyssop":2},"minecraft:picked_up":{"techreborn:raw_tin":5,"modern_industrialization:lignite_coal":22,"minecraft:oak_log":5,"minecraft:dirt":1,"minecraft:raw_copper":40,"regions_unexplored:hyssop":21,"regions_unexplored:mauve_sapling":8,"regions_unexplored:fireweed":5,"minecraft:wheat_seeds":4,"regions_unexplored:mauve_log":16,"croptopia:orange":5,"farmersdelight:straw":2,"minecraft:poppy":1,"minecraft:oak_sapling":2,"twigs:twig":4,"minecraft:cobblestone":122}},"DataVersion":3465}