{"stats":{"minecraft:crafted":{"minecraft:oak_planks":12,"minecraft:stick":8,"minecraft:stone_pickaxe":1},"minecraft:mined":{"minecraft:grass":8,"minecraft:dirt":1,"regions_unexplored:medium_grass":4,"minecraft:stone":31,"treechop:chopped_log":1,"techreborn:tin_ore":5},"minecraft:custom":{"minecraft:time_since_rest":7734,"minecraft:crouch_one_cm":442,"minecraft:sprint_one_cm":22112,"minecraft:play_time":7734,"minecraft:walk_one_cm":17710,"minecraft:sneak_time":104,"minecraft:jump":72,"minecraft:leave_game":2,"minecraft:time_since_death":7734,"minecraft:total_world_time":7734,"minecraft:hex":0,"minecraft:interact_with_crafting_table":4,"minecraft:fall_one_cm":2508,"minecraft:fly_one_cm":11425},"minecraft:used":{"regions_unexplored:fireweed":1,"minecraft:stone_pickaxe":37,"regions_unexplored:hyssop":2},"minecraft:picked_up":{"techreborn:raw_tin":5,"regions_unexplored:hyssop":2,"regions_unexplored:fireweed":1,"minecraft:wheat_seeds":2,"croptopia:orange":5,"minecraft:oak_log":3,"minecraft:oak_sapling":1,"minecraft:dirt":1,"minecraft:cobblestone":41}},"DataVersion":3465}