{"stats":{"minecraft:crafted":{"minecraft:oak_planks":20,"minecraft:stone":27,"minecraft:copper_ingot":35,"minecraft:stone_axe":1,"minecraft:air":0,"regions_unexplored:mauve_planks":60,"minecraft:charcoal":8,"justhammers:stone_hammer":9,"minecraft:stick":40,"minecraft:stone_pickaxe":1,"minecraft:chest":2},"minecraft:mined":{"minecraft:kelp_plant":3,"create_new_age:thorium_ore":22,"minecraft:copper_ore":1,"techreborn:tin_ore":5,"minecraft:furnace":1,"treechop:chopped_log":7,"minecraft:grass":10,"minecraft:vine":2,"minecraft:gravel":8,"minecraft:dirt":4,"regions_unexplored:medium_grass":4,"minecraft:stone":31,"minecraft:oak_leaves":1},"minecraft:dropped":{"minecraft:oak_planks":8,"regions_unexplored:mauve_planks":4,"farmersdelight:straw":2,"minecraft:poppy":1},"minecraft:custom":{"minecraft:interact_with_furnace":28,"minecraft:mob_kills":3,"minecraft:interact_with_crafting_table":17,"minecraft:damage_dealt_resisted":0,"minecraft:interact_with_grindstone":4,"minecraft:leave_game":3,"minecraft:time_since_death":47404,"minecraft:damage_resisted":0,"minecraft:hex":0,"minecraft:time_since_rest":47404,"minecraft:sprint_one_cm":73078,"minecraft:damage_taken":285,"minecraft:walk_one_cm":123014,"minecraft:drop":4,"minecraft:damage_dealt":348,"minecraft:swim_one_cm":8522,"minecraft:fly_one_cm":29887,"minecraft:open_chest":5,"minecraft:crouch_one_cm":1875,"minecraft:play_time":47404,"minecraft:sneak_time":571,"minecraft:walk_under_water_one_cm":3718,"minecraft:jump":391,"minecraft:walk_on_water_one_cm":2166,"minecraft:total_world_time":47404,"minecraft:fall_one_cm":6468},"minecraft:used":{"bewitchment:garlic_bread":1,"minecraft:stone_sword":18,"minecraft:stone_pickaxe":58,"minecraft:chest":2,"minecraft:dirt":2,"croptopia:orange":2,"regions_unexplored:hyssop":2,"regions_unexplored:fireweed":1,"minecraft:bread":1,"justhammers:stone_hammer":297,"minecraft:stone_axe":37,"minecraft:cobblestone":33,"minecraft:furnace":1},"minecraft:killed":{"bewitchment:owl":1,"minecraft:zombie":2},"minecraft:picked_up":{"techreborn:raw_tin":48,"modern_industrialization:lignite_coal":22,"minecraft:crafting_table":1,"create_new_age:thorium":77,"techreborn:tin_ingot":5,"minecraft:oak_log":5,"minecraft:lapis_lazuli":43,"minecraft:dirt":2,"minecraft:raw_copper":63,"minecraft:wheat_seeds":5,"minecraft:cobbled_deepslate":62,"create_new_age:magnetite_block":3,"farmersdelight:straw":4,"minecraft:poppy":1,"bewitchment:garlic_bread":1,"twigs:twig":8,"minecraft:furnace":1,"bewitchment:salt":25,"minecraft:diorite":64,"regions_unexplored:hyssop":21,"regions_unexplored:mauve_sapling":14,"modern_industrialization:raw_nickel":13,"regions_unexplored:fireweed":5,"regions_unexplored:mauve_log":30,"croptopia:orange":5,"minecraft:granite":109,"minecraft:oak_sapling":2,"minecraft:coal":61,"minecraft:cobblestone":1086}},"DataVersion":3465}