{"stats":{"minecraft:crafted":{"minecraft:oak_planks":20,"paladins:paladin_armor_feet":1,"indrev:copper_chestplate":1,"minecraft:stone":91,"minecraft:copper_ingot":35,"minecraft:stone_axe":1,"minecraft:air":0,"regions_unexplored:mauve_planks":60,"paladins:paladin_armor_legs":1,"minecraft:charcoal":8,"justhammers:stone_hammer":13,"minecraft:stick":76,"minecraft:iron_ingot":17,"minecraft:iron_pickaxe":2,"minecraft:stone_pickaxe":1,"minecraft:chest":3,"paladins:paladin_armor_head":1,"minecraft:torch":40},"minecraft:mined":{"powah:deepslate_uraninite_ore":3,"create:deepslate_zinc_ore":13,"minecraft:tuff":1,"techreborn:deepslate_bauxite_ore":23,"techreborn:deepslate_silver_ore":5,"minecraft:kelp_plant":3,"powah:uraninite_ore":2,"create_new_age:thorium_ore":22,"minecraft:copper_ore":1,"techreborn:bauxite_ore":9,"minecraft:deepslate_gold_ore":4,"minecraft:diorite":1,"powah:deepslate_uraninite_ore_poor":8,"minecraft:deepslate_copper_ore":1,"techreborn:tin_ore":5,"techreborn:silver_ore":2,"modern_industrialization:tungsten_ore":2,"minecraft:furnace":1,"minecraft:cobbled_deepslate":1,"techreborn:lead_ore":2,"techreborn:ruby_ore":5,"techreborn:deepslate_lead_ore":15,"treechop:chopped_log":7,"minecraft:grass":10,"soulsweapons:moonstone_ore_deepslate":1,"techreborn:galena_ore":6,"minecraft:vine":2,"archon:earth_node":2,"minecraft:gravel":8,"minecraft:dirt":4,"regions_unexplored:medium_grass":4,"minecraft:stone":33,"minecraft:oak_leaves":1,"minecraft:deepslate":16},"minecraft:dropped":{"minecraft:cobbled_deepslate":89,"minecraft:tuff":21,"minecraft:cobblestone":279,"minecraft:oak_planks":8,"regions_unexplored:mauve_planks":4,"farmersdelight:straw":2,"minecraft:poppy":1,"minecraft:diorite":1,"archon:earth_essence":1,"indrev:nikolite_dust":18},"minecraft:custom":{"minecraft:interact_with_furnace":37,"minecraft:mob_kills":4,"minecraft:interact_with_crafting_table":35,"minecraft:damage_dealt_resisted":0,"minecraft:interact_with_grindstone":5,"minecraft:leave_game":4,"minecraft:time_since_death":75934,"minecraft:damage_resisted":0,"minecraft:hex":0,"minecraft:time_since_rest":75934,"minecraft:sprint_one_cm":100699,"minecraft:damage_taken":285,"minecraft:walk_one_cm":197786,"minecraft:drop":19,"minecraft:damage_dealt":548,"minecraft:swim_one_cm":8522,"minecraft:fly_one_cm":33713,"minecraft:open_chest":8,"minecraft:crouch_one_cm":1887,"minecraft:play_time":75934,"minecraft:sneak_time":624,"minecraft:walk_under_water_one_cm":3718,"minecraft:jump":609,"minecraft:walk_on_water_one_cm":2166,"minecraft:total_world_time":75934,"minecraft:fall_one_cm":7813},"minecraft:used":{"bewitchment:garlic_bread":1,"minecraft:stone_sword":30,"minecraft:stone_pickaxe":63,"minecraft:chest":3,"minecraft:stone":1,"minecraft:torch":1,"minecraft:dirt":2,"minecraft:crafting_table":1,"croptopia:orange":5,"regions_unexplored:hyssop":2,"regions_unexplored:fireweed":1,"minecraft:bread":4,"minecraft:iron_pickaxe":119,"justhammers:stone_hammer":423,"minecraft:stone_axe":37,"minecraft:cobblestone":33,"minecraft:furnace":1,"minecraft:cobbled_deepslate":1},"minecraft:killed":{"bewitchment:owl":1,"minecraft:zombie":3},"minecraft:picked_up":{"modern_industrialization:raw_antimony":1,"techreborn:raw_tin":51,"minecraft:crafting_table":1,"modern_industrialization:lignite_coal":81,"create_new_age:thorium":77,"minecraft:andesite":13,"techreborn:tin_ingot":5,"soulsweapons:moonstone":1,"create:raw_zinc":13,"minecraft:tuff":21,"archon:earth_essence":3,"minecraft:oak_log":5,"indrev:raw_tungsten":4,"minecraft:lapis_lazuli":43,"minecraft:dirt":2,"minecraft:raw_copper":87,"techreborn:galena_ore":5,"techreborn:raw_silver":7,"minecraft:wheat_seeds":5,"minecraft:cobbled_deepslate":216,"minecraft:raw_gold":4,"create_new_age:magnetite_block":3,"modern_industrialization:raw_uranium":3,"farmersdelight:straw":4,"techreborn:deepslate_bauxite_ore":23,"minecraft:poppy":1,"bewitchment:garlic_bread":1,"twigs:twig":8,"minecraft:furnace":1,"minecraft:raw_iron":17,"modern_industrialization:raw_tungsten":2,"techreborn:raw_lead":15,"techreborn:ruby_gem":7,"powah:uraninite_raw":18,"bewitchment:salt":25,"minecraft:diorite":104,"techreborn:red_garnet_gem":4,"techreborn:bauxite_ore":9,"regions_unexplored:hyssop":21,"modern_industrialization:raw_nickel":17,"regions_unexplored:mauve_sapling":14,"regions_unexplored:fireweed":5,"minecraft:stone_axe":1,"regions_unexplored:mauve_log":30,"croptopia:orange":5,"minecraft:granite":109,"minecraft:oak_sapling":2,"indrev:nikolite_dust":32,"minecraft:coal":61,"minecraft:cobblestone":1170}},"DataVersion":3465}