{"stats":{"minecraft:killed_by":{"minecraft:creeper":1},"minecraft:dropped":{"regions_unexplored:fireweed":1,"minecraft:wheat_seeds":1},"minecraft:custom":{"minecraft:jump":50,"minecraft:time_since_rest":5925,"minecraft:damage_dealt":135,"minecraft:crouch_one_cm":144,"minecraft:sprint_one_cm":4028,"minecraft:deaths":2,"minecraft:play_time":7516,"minecraft:damage_taken":1724,"minecraft:time_since_death":5893,"minecraft:walk_one_cm":6723,"minecraft:sneak_time":85,"minecraft:total_world_time":7516,"minecraft:hex":0,"minecraft:drop":2,"minecraft:fall_one_cm":15886,"minecraft:fly_one_cm":4241,"minecraft:damage_dealt_resisted":0},"minecraft:used":{"minecraft:stone_sword":7},"minecraft:picked_up":{"regions_unexplored:fireweed":1,"minecraft:wheat_seeds":2}},"DataVersion":3465}