{"stats":{"minecraft:killed_by":{"minecraft:creeper":1},"minecraft:crafted":{"minecraft:oak_planks":16,"minecraft:crafting_table":2,"minecraft:stick":12,"minecraft:wooden_pickaxe":1,"minecraft:stone_pickaxe":1,"minecraft:wooden_axe":1,"minecraft:stone_axe":1,"paladins:stone_claymore":4},"minecraft:mined":{"treechop:chopped_log":3,"minecraft:grass":3,"minecraft:stone":45},"minecraft:dropped":{"regions_unexplored:fireweed":1,"minecraft:wheat_seeds":1},"minecraft:custom":{"minecraft:time_since_rest":29925,"minecraft:sprint_one_cm":52558,"minecraft:damage_taken":2230,"minecraft:walk_one_cm":48419,"minecraft:damage_blocked_by_shield":713,"minecraft:mob_kills":4,"minecraft:drop":2,"minecraft:damage_dealt":1006,"minecraft:interact_with_crafting_table":15,"minecraft:fly_one_cm":29187,"minecraft:crouch_one_cm":482,"minecraft:play_time":31516,"minecraft:deaths":2,"minecraft:sneak_time":200,"minecraft:jump":233,"minecraft:damage_dealt_resisted":0,"minecraft:time_since_death":29893,"minecraft:climb_one_cm":206,"minecraft:hex":0,"minecraft:total_world_time":31516,"minecraft:damage_resisted":0,"minecraft:fall_one_cm":21467},"minecraft:used":{"minecraft:wooden_axe":9,"minecraft:stone_sword":41,"minecraft:bread":6,"minecraft:stone_pickaxe":41,"minecraft:wooden_pickaxe":4,"minecraft:shield":15,"minecraft:crafting_table":2,"minecraft:oak_sapling":1,"paladins:stone_claymore":15,"minecraft:chainmail_leggings":1},"minecraft:killed":{"minecraft:skeleton":2,"minecraft:zombie":2},"minecraft:picked_up":{"croptopia:peach":6,"minecraft:oak_log":10,"minecraft:bone":3,"minecraft:arrow":3,"minecraft:rotten_flesh":1,"minecraft:apple":1,"regions_unexplored:fireweed":1,"minecraft:wheat_seeds":4,"minecraft:chainmail_leggings":1,"minecraft:oak_sapling":5,"twigs:twig":4,"minecraft:cobblestone":44}},"DataVersion":3465}