{"stats":{"minecraft:killed_by":{"minecraft:creeper":1},"minecraft:crafted":{"minecraft:oak_planks":16,"minecraft:crafting_table":2,"minecraft:wooden_pickaxe":1,"minecraft:stone_axe":1,"minecraft:stick":12,"minecraft:stone_pickaxe":1,"minecraft:wooden_axe":1,"paladins:stone_claymore":4},"minecraft:mined":{"regions_unexplored:silver_birch_leaf_pile":1,"twigs:roseate_seashell":1,"modern_industrialization:lignite_coal_ore":19,"minecraft:copper_ore":11,"frostiful:hot_sun_lichen":4,"minecraft:damaged_anvil":1,"techreborn:tin_ore":2,"minecraft:spawner":1,"treechop:chopped_log":6,"minecraft:grass":4,"minecraft:coal_ore":6,"bewitchment:salt_ore":7,"minecraft:stone":75,"minecraft:chipped_anvil":1},"minecraft:dropped":{"regions_unexplored:fireweed":1,"minecraft:wheat_seeds":1,"paladins:stone_claymore":3},"minecraft:custom":{"lootr:looted_stat":3,"minecraft:mob_kills":11,"minecraft:interact_with_crafting_table":15,"minecraft:damage_dealt_resisted":0,"minecraft:interact_with_grindstone":1,"minecraft:time_since_death":1020,"minecraft:climb_one_cm":214,"minecraft:damage_resisted":0,"minecraft:hex":0,"minecraft:time_since_rest":1074,"minecraft:sprint_one_cm":191677,"minecraft:damage_taken":2718,"minecraft:walk_one_cm":102094,"minecraft:damage_blocked_by_shield":901,"minecraft:drop":5,"minecraft:damage_dealt":1573,"minecraft:fly_one_cm":94795,"minecraft:crouch_one_cm":2250,"minecraft:play_time":55516,"minecraft:deaths":3,"minecraft:sneak_time":1010,"minecraft:walk_under_water_one_cm":943,"minecraft:jump":712,"minecraft:walk_on_water_one_cm":1775,"minecraft:total_world_time":55516,"minecraft:fall_one_cm":29825},"minecraft:used":{"minecraft:stone_sword":51,"minecraft:stone_pickaxe":120,"minecraft:shield":19,"minecraft:wooden_pickaxe":4,"minecraft:crafting_table":2,"minecraft:wooden_axe":9,"minecraft:bread":12,"minecraft:stone_axe":27,"minecraft:oak_sapling":1,"paladins:stone_claymore":29,"minecraft:chainmail_leggings":1},"minecraft:killed":{"promenade:duck":2,"naturalist:lizard_tail":1,"minecraft:spider":2,"minecraft:skeleton":2,"minecraft:zombie":3,"naturalist:lizard":1},"minecraft:picked_up":{"techreborn:raw_tin":1,"modern_industrialization:lignite_coal":19,"minecraft:feather":2,"croptopia:peach":6,"twigs:roseate_seashell":1,"minecraft:stone_brick_stairs":1,"minecraft:oak_log":10,"naturalist:lizard_tail":1,"minecraft:string":2,"minecraft:raw_copper":38,"minecraft:bone":3,"minecraft:chipped_anvil":1,"minecraft:apple":1,"minecraft:wheat_seeds":4,"minecraft:mossy_stone_bricks":1,"twigs:twig":5,"regions_unexplored:silver_birch_sapling":15,"regions_unexplored:silver_birch_leaf_pile":4,"promenade:duck":2,"bewitchment:salt":12,"minecraft:arrow":3,"minecraft:rotten_flesh":2,"regions_unexplored:fireweed":1,"minecraft:chainmail_leggings":1,"regions_unexplored:silver_birch_log":35,"minecraft:oak_sapling":5,"minecraft:damaged_anvil":1,"minecraft:coal":6,"minecraft:cobblestone":73}},"DataVersion":3465}