{"stats":{"minecraft:killed_by":{"minecraft:creeper":1,"minecraft:enderman":1},"minecraft:crafted":{"minecraft:cooked_beef":8,"minecraft:oak_planks":40,"minecraft:crafting_table":4,"minecraft:wooden_pickaxe":1,"promenade:cooked_duck":2,"minecraft:furnace":2,"minecraft:birch_planks":62,"minecraft:stone_axe":1,"minecraft:cooked_mutton":7,"minecraft:air":0,"immersive_armors:wooden_chestplate":1,"immersive_armors:wooden_boots":1,"minecraft:stick":30,"minecraft:stone_pickaxe":2,"minecraft:wooden_axe":1,"immersive_armors:wooden_helmet":1,"minecraft:torch":8,"paladins:stone_claymore":4},"minecraft:mined":{"regions_unexplored:silver_birch_leaf_pile":1,"minecraft:grass_block":1,"twigs:roseate_seashell":1,"regions_unexplored:silt_dirt":10,"modern_industrialization:lignite_coal_ore":19,"minecraft:copper_ore":11,"frostiful:hot_sun_lichen":4,"minecraft:damaged_anvil":1,"techreborn:tin_ore":2,"minecraft:spawner":1,"regions_unexplored:mauve_planks":1,"treechop:chopped_log":7,"minecraft:grass":4,"minecraft:coal_ore":6,"bewitchment:salt_ore":7,"minecraft:dirt":6,"regions_unexplored:medium_grass":1,"minecraft:stone":77,"regions_unexplored:silt_grass_block":2,"minecraft:chipped_anvil":1},"minecraft:dropped":{"regions_unexplored:fireweed":1,"minecraft:wheat_seeds":5,"paladins:stone_claymore":3,"minecraft:feather":2,"minecraft:rotten_flesh":4,"techreborn:raw_tin":2,"minecraft:mutton":2,"minecraft:wooden_axe":4,"minecraft:golden_sword":4,"croptopia:peach":1,"minecraft:wooden_pickaxe":2,"regions_unexplored:silver_birch_leaf_pile":8,"regions_unexplored:silt_dirt":8},"minecraft:broken":{"minecraft:stone_pickaxe":1,"minecraft:shield":1,"minecraft:stone_sword":1},"minecraft:custom":{"minecraft:interact_with_furnace":20,"lootr:looted_stat":4,"minecraft:mob_kills":23,"minecraft:interact_with_crafting_table":21,"minecraft:damage_dealt_resisted":0,"minecraft:interact_with_grindstone":1,"minecraft:time_since_death":4617,"minecraft:climb_one_cm":214,"minecraft:damage_resisted":0,"minecraft:hex":0,"minecraft:time_since_rest":4641,"minecraft:sprint_one_cm":287946,"minecraft:damage_taken":3284,"minecraft:walk_one_cm":213020,"minecraft:damage_blocked_by_shield":2101,"minecraft:drop":25,"minecraft:damage_dealt":3468,"minecraft:swim_one_cm":93770,"minecraft:fly_one_cm":138535,"minecraft:crouch_one_cm":2316,"minecraft:play_time":101310,"minecraft:deaths":4,"minecraft:sneak_time":1053,"minecraft:walk_under_water_one_cm":7177,"minecraft:jump":1176,"minecraft:walk_on_water_one_cm":17537,"minecraft:total_world_time":101310,"minecraft:fall_one_cm":38025},"minecraft:used":{"minecraft:cooked_mutton":2,"minecraft:stone_sword":131,"minecraft:stone_pickaxe":128,"minecraft:wooden_pickaxe":4,"minecraft:shield":57,"vinery:white_grape":2,"minecraft:torch":1,"minecraft:dirt":2,"minecraft:crafting_table":4,"promenade:cooked_duck":2,"minecraft:wooden_axe":9,"minecraft:bread":12,"minecraft:stone_axe":40,"croptopia:peach":5,"minecraft:cobblestone":1,"minecraft:furnace":2,"minecraft:oak_sapling":1,"paladins:stone_claymore":29,"minecraft:chainmail_leggings":1},"minecraft:killed":{"promenade:duck":2,"naturalist:lizard_tail":1,"minecraft:spider":3,"minecraft:sheep":4,"minecraft:skeleton":3,"derelict:spiderling":1,"tinyskeletons:baby_skeleton":1,"minecraft:zombie":4,"naturalist:lizard":1,"minecraft:cow":3},"minecraft:picked_up":{"minecraft:wooden_axe":4,"techreborn:raw_tin":2,"modern_industrialization:lignite_coal":19,"minecraft:feather":4,"croptopia:peach":6,"minecraft:leather":8,"twigs:roseate_seashell":1,"regions_unexplored:silt_dirt":8,"minecraft:wooden_pickaxe":1,"minecraft:stone_brick_stairs":1,"minecraft:oak_log":10,"regions_unexplored:red_maple_leaf_pile":2,"minecraft:golden_sword":2,"naturalist:lizard_tail":1,"minecraft:dirt":2,"minecraft:string":2,"minecraft:raw_copper":38,"minecraft:bone":4,"minecraft:chipped_anvil":1,"minecraft:apple":1,"minecraft:wheat_seeds":9,"minecraft:beef":8,"minecraft:mossy_stone_bricks":1,"twigs:twig":5,"regions_unexplored:silver_birch_sapling":18,"regions_unexplored:silver_birch_leaf_pile":12,"promenade:duck":2,"vinery:white_grape":2,"bewitchment:salt":12,"minecraft:arrow":4,"minecraft:rotten_flesh":14,"regions_unexplored:fireweed":1,"minecraft:chainmail_leggings":1,"regions_unexplored:silver_birch_log":48,"minecraft:oak_sapling":5,"minecraft:damaged_anvil":1,"minecraft:mutton":9,"minecraft:coal":6,"minecraft:white_wool":4,"minecraft:cobblestone":108}},"DataVersion":3465}