{"stats":{"minecraft:killed_by":{"minecraft:creeper":1},"minecraft:crafted":{"minecraft:oak_planks":4,"minecraft:crafting_table":1,"minecraft:stick":4},"minecraft:mined":{"treechop:chopped_log":2},"minecraft:dropped":{"regions_unexplored:fireweed":1,"minecraft:wheat_seeds":1},"minecraft:custom":{"minecraft:time_since_rest":17925,"minecraft:crouch_one_cm":286,"minecraft:play_time":19516,"minecraft:sprint_one_cm":23072,"minecraft:walk_one_cm":29219,"minecraft:damage_taken":1998,"minecraft:deaths":2,"minecraft:sneak_time":103,"minecraft:damage_blocked_by_shield":713,"minecraft:mob_kills":2,"minecraft:drop":2,"minecraft:damage_dealt_resisted":0,"minecraft:jump":156,"minecraft:damage_dealt":501,"minecraft:time_since_death":17893,"minecraft:total_world_time":19516,"minecraft:damage_resisted":0,"minecraft:hex":0,"minecraft:fall_one_cm":18901,"minecraft:fly_one_cm":14556},"minecraft:used":{"minecraft:stone_sword":35,"minecraft:oak_sapling":1,"minecraft:bread":2,"minecraft:shield":15,"minecraft:chainmail_leggings":1},"minecraft:killed":{"minecraft:skeleton":2},"minecraft:picked_up":{"minecraft:arrow":3,"minecraft:bone":3,"regions_unexplored:fireweed":1,"minecraft:wheat_seeds":2,"minecraft:chainmail_leggings":1,"minecraft:oak_log":4,"twigs:twig":2,"minecraft:oak_sapling":1}},"DataVersion":3465}