{"stats":{"minecraft:crafted":{"minecraft:grindstone":4,"minecraft:oak_door":3,"minecraft:oak_planks":88,"farmersdelight:canvas":5,"minecraft:furnace":5,"minecraft:stone":32,"immersive_armors:wooden_chestplate":2,"regions_unexplored:mauve_planks":24,"bewitchment:garlic_bread":2,"minecraft:stone_pickaxe":1,"minecraft:oak_button":1,"immersive_armors:wooden_helmet":6,"bewitchment:grilled_garlic":2,"minecraft:deepslate":3,"minecraft:crafting_table":5,"farmersdelight:flint_knife":1,"minecraft:wooden_pickaxe":1,"immersive_armors:wooden_leggings":2,"minecraft:copper_ingot":38,"minecraft:stone_axe":5,"minecraft:air":0,"immersive_armors:wooden_boots":5,"minecraft:oak_boat":2,"minecraft:charcoal":3,"minecraft:diamond_pickaxe":1,"justhammers:stone_hammer":10,"minecraft:stick":72,"minecraft:stone_slab":12,"minecraft:iron_pickaxe":1,"minecraft:iron_ingot":5,"minecraft:gold_ingot":8,"minecraft:torch":76},"minecraft:mined":{"minecraft:large_amethyst_bud":4,"minecraft:tuff":2,"minecraft:deepslate_diamond_ore":13,"botania:light_blue_mushroom":1,"minecraft:allium":1,"minecraft:grass_block":3,"treechop:chopped_log":15,"soulsweapons:moonstone_ore_deepslate":1,"minecraft:deepslate_iron_ore":1,"minecraft:small_amethyst_bud":1,"regions_unexplored:medium_grass":48,"minecraft:stone":30,"modern_industrialization:deepslate_tungsten_ore":1,"minecraft:medium_amethyst_bud":3,"minecraft:amethyst_cluster":10,"minecraft:crafting_table":2,"minecraft:torch":4,"things:deepslate_gleaming_ore":1,"minecraft:calcite":4,"minecraft:poppy":1,"regions_unexplored:silt_dirt":2,"indrev:sulfur_crystal":2,"minecraft:tall_grass":10,"minecraft:cobblestone":9,"regions_unexplored:meadow_sage":1,"minecraft:deepslate_gold_ore":8,"regions_unexplored:daisy":7,"minecraft:grindstone":2,"minecraft:sugar_cane":4,"minecraft:wall_torch":4,"regions_unexplored:hyssop":21,"jewelry:deepslate_gem_vein":1,"minecraft:grass":204,"minecraft:coal_ore":15,"minecraft:gravel":44,"minecraft:dirt":4,"twigs:rhyolite":16,"minecraft:deepslate":60,"regions_unexplored:fireweed":7},"minecraft:dropped":{"minecraft:iron_ingot":1,"regions_unexplored:fireweed":5,"minecraft:cobblestone":105,"bewitchment:garlic_bread":1,"indrev:raw_tungsten":2,"indrev:sulfur_crystal":3,"regions_unexplored:daisy":6,"minecraft:red_mushroom":8,"bewitchment:aconite_seeds":6,"twigs:pebble":8,"minecraft:dirt":2,"techreborn:raw_tin":1,"immersive_armors:wooden_leggings":2,"immersive_armors:wooden_chestplate":3,"bewitchment:belladonna_seeds":2,"minecraft:smooth_basalt":21,"minecraft:cobbled_deepslate":670,"minecraft:deepslate":6,"minecraft:rotten_flesh":2,"regions_unexplored:hyssop":19,"twigs:tangerine_seashell":1,"minecraft:stone":4,"bewitchment:mandrake_seeds":5,"modern_industrialization:raw_tungsten":1,"indrev:nikolite_dust":54,"minecraft:wooden_pickaxe":1,"immersive_armors:wooden_helmet":1},"minecraft:custom":{"minecraft:mob_kills":1,"minecraft:interact_with_crafting_table":55,"minecraft:damage_dealt_resisted":0,"minecraft:leave_game":1,"minecraft:time_since_death":116686,"minecraft:climb_one_cm":24,"minecraft:sprint_one_cm":191636,"minecraft:walk_one_cm":303990,"minecraft:damage_blocked_by_shield":45,"minecraft:drop":65,"minecraft:talked_to_villager":1,"minecraft:play_time":116686,"minecraft:sneak_time":3583,"minecraft:walk_under_water_one_cm":3941,"minecraft:jump":1311,"minecraft:walk_on_water_one_cm":9001,"minecraft:total_world_time":116686,"minecraft:interact_with_furnace":54,"minecraft:interact_with_grindstone":9,"minecraft:hex":0,"minecraft:time_since_rest":116686,"minecraft:damage_taken":438,"minecraft:damage_dealt":234,"minecraft:swim_one_cm":9238,"minecraft:fly_one_cm":158266,"minecraft:open_chest":19,"minecraft:crouch_one_cm":9141,"minecraft:fall_one_cm":20254},"minecraft:used":{"regions_unexplored:silt_dirt":1,"minecraft:stone_sword":9,"minecraft:shield":1,"minecraft:oak_door":1,"minecraft:torch":64,"farmersdelight:flint_knife":230,"minecraft:oak_sapling":11,"minecraft:furnace":5,"minecraft:cobbled_deepslate":5,"bewitchment:garlic_bread":1,"minecraft:stone_pickaxe":64,"minecraft:wooden_pickaxe":3,"minecraft:crafting_table":6,"minecraft:diamond_pickaxe":1,"minecraft:apple":3,"minecraft:bread":10,"minecraft:oak_button":1,"minecraft:iron_pickaxe":110,"minecraft:gravel":17,"justhammers:stone_hammer":250,"minecraft:stone_axe":85,"minecraft:cobblestone":150,"minecraft:grindstone":5},"minecraft:killed":{"minecraft:skeleton":1},"minecraft:picked_up":{"techreborn:raw_tin":4,"minecraft:allium":1,"minecraft:crafting_table":1,"things:gleaming_powder":1,"jewelry:citrine":1,"regions_unexplored:silt_dirt":1,"soulsweapons:moonstone":1,"minecraft:amethyst_block":25,"minecraft:raw_copper":15,"minecraft:cobbled_deepslate":837,"twigs:pebble":8,"farmersdelight:straw":55,"immersive_armors:wooden_leggings":1,"minecraft:calcite":17,"minecraft:sugar_cane":8,"minecraft:stick":5,"minecraft:raw_iron":5,"minecraft:stone":3,"minecraft:torch":11,"minecraft:diorite":48,"regions_unexplored:daisy":6,"bewitchment:garlic":2,"minecraft:arrow":2,"minecraft:rotten_flesh":2,"regions_unexplored:mauve_log":6,"twigs:tangerine_seashell":1,"minecraft:skeleton_skull":1,"minecraft:cobblestone":423,"minecraft:feather":2,"minecraft:andesite":83,"minecraft:red_mushroom":9,"minecraft:flint":5,"minecraft:tuff":63,"minecraft:oak_log":31,"indrev:raw_tungsten":2,"bewitchment:aconite_seeds":6,"minecraft:lapis_lazuli":15,"minecraft:dirt":7,"minecraft:apple":3,"minecraft:wheat_seeds":30,"minecraft:raw_gold":8,"bewitchment:mandrake_seeds":5,"minecraft:iron_ingot":1,"minecraft:grindstone":2,"twigs:twig":12,"minecraft:oak_planks":8,"regions_unexplored:silver_birch_sapling":20,"minecraft:smooth_basalt":21,"modern_industrialization:raw_tungsten":1,"bewitchment:belladonna_seeds":2,"minecraft:gravel":42,"minecraft:amethyst_shard":42,"indrev:sulfur_crystal":6,"regions_unexplored:mauve_planks":11,"regions_unexplored:hyssop":19,"minecraft:diamond":13,"regions_unexplored:fireweed":5,"minecraft:deepslate":3,"immersive_armors:wooden_chestplate":2,"regions_unexplored:silver_birch_log":77,"croptopia:orange":25,"minecraft:oak_sapling":11,"indrev:nikolite_dust":54,"minecraft:coal":51}},"DataVersion":3465}