{"stats":{"minecraft:crafted":{"minecraft:grindstone":2,"minecraft:oak_door":3,"minecraft:oak_planks":24,"minecraft:crafting_table":3,"farmersdelight:canvas":5,"farmersdelight:flint_knife":1,"minecraft:wooden_pickaxe":1,"minecraft:furnace":3,"minecraft:copper_ingot":6,"minecraft:stone":15,"minecraft:air":0,"regions_unexplored:mauve_planks":24,"minecraft:charcoal":3,"justhammers:stone_hammer":2,"bewitchment:garlic_bread":2,"minecraft:stick":30,"minecraft:stone_slab":12,"minecraft:iron_ingot":4,"minecraft:iron_pickaxe":1,"minecraft:stone_pickaxe":1,"minecraft:torch":44,"bewitchment:grilled_garlic":2},"minecraft:mined":{"minecraft:crafting_table":1,"minecraft:torch":3,"minecraft:allium":1,"minecraft:grass_block":2,"minecraft:poppy":1,"minecraft:tall_grass":9,"minecraft:cobblestone":1,"regions_unexplored:meadow_sage":1,"regions_unexplored:daisy":7,"minecraft:grindstone":1,"minecraft:sugar_cane":4,"regions_unexplored:hyssop":21,"treechop:chopped_log":2,"minecraft:grass":204,"minecraft:gravel":44,"minecraft:dirt":3,"regions_unexplored:medium_grass":46,"minecraft:stone":30,"regions_unexplored:fireweed":7},"minecraft:dropped":{"minecraft:iron_ingot":1,"regions_unexplored:fireweed":5,"minecraft:cobblestone":5,"bewitchment:garlic_bread":1,"regions_unexplored:hyssop":19,"regions_unexplored:daisy":6,"twigs:tangerine_seashell":1,"bewitchment:aconite_seeds":5,"twigs:pebble":1,"bewitchment:mandrake_seeds":5,"minecraft:wooden_pickaxe":1,"bewitchment:belladonna_seeds":2},"minecraft:custom":{"minecraft:interact_with_furnace":24,"minecraft:interact_with_crafting_table":24,"minecraft:damage_dealt_resisted":0,"minecraft:interact_with_grindstone":4,"minecraft:leave_game":1,"minecraft:time_since_death":45130,"minecraft:climb_one_cm":24,"minecraft:hex":0,"minecraft:time_since_rest":45130,"minecraft:sprint_one_cm":118117,"minecraft:damage_taken":353,"minecraft:walk_one_cm":115173,"minecraft:drop":16,"minecraft:damage_dealt":194,"minecraft:fly_one_cm":106768,"minecraft:swim_one_cm":7760,"minecraft:open_chest":2,"minecraft:crouch_one_cm":3989,"minecraft:play_time":45130,"minecraft:sneak_time":1181,"minecraft:walk_under_water_one_cm":2764,"minecraft:jump":718,"minecraft:walk_on_water_one_cm":6625,"minecraft:total_world_time":45130,"minecraft:fall_one_cm":13525},"minecraft:used":{"bewitchment:garlic_bread":1,"minecraft:stone_sword":9,"minecraft:stone_pickaxe":26,"minecraft:wooden_pickaxe":3,"minecraft:oak_door":1,"minecraft:torch":25,"farmersdelight:flint_knife":230,"minecraft:crafting_table":3,"minecraft:bread":7,"minecraft:iron_pickaxe":1,"justhammers:stone_hammer":69,"minecraft:gravel":9,"minecraft:cobblestone":119,"minecraft:oak_sapling":6,"minecraft:furnace":3,"minecraft:grindstone":3},"minecraft:picked_up":{"techreborn:raw_tin":4,"minecraft:allium":1,"minecraft:feather":2,"minecraft:andesite":83,"minecraft:red_mushroom":1,"minecraft:flint":5,"minecraft:oak_log":9,"bewitchment:aconite_seeds":5,"minecraft:dirt":5,"minecraft:raw_copper":15,"minecraft:apple":1,"minecraft:wheat_seeds":30,"minecraft:grindstone":1,"twigs:pebble":8,"bewitchment:mandrake_seeds":5,"minecraft:iron_ingot":1,"farmersdelight:straw":55,"twigs:twig":1,"minecraft:sugar_cane":8,"minecraft:oak_planks":8,"minecraft:raw_iron":4,"minecraft:torch":3,"minecraft:gravel":42,"bewitchment:belladonna_seeds":2,"minecraft:diorite":9,"regions_unexplored:daisy":6,"regions_unexplored:mauve_planks":4,"regions_unexplored:hyssop":19,"minecraft:arrow":2,"bewitchment:garlic":2,"regions_unexplored:fireweed":5,"regions_unexplored:mauve_log":6,"croptopia:orange":25,"minecraft:oak_sapling":6,"twigs:tangerine_seashell":1,"minecraft:coal":36,"minecraft:cobblestone":347}},"DataVersion":3465}