{"stats":{"minecraft:crafted":{"minecraft:grindstone":1,"minecraft:oak_planks":24,"minecraft:crafting_table":1,"farmersdelight:canvas":5,"farmersdelight:flint_knife":1,"minecraft:wooden_pickaxe":1,"minecraft:furnace":2,"minecraft:copper_ingot":6,"minecraft:stone":6,"minecraft:air":0,"minecraft:charcoal":3,"justhammers:stone_hammer":1,"bewitchment:garlic_bread":2,"minecraft:stick":20,"minecraft:stone_slab":6,"minecraft:iron_ingot":4,"minecraft:iron_pickaxe":1,"minecraft:stone_pickaxe":1,"minecraft:torch":20,"bewitchment:grilled_garlic":2},"minecraft:mined":{"minecraft:allium":1,"minecraft:grass_block":2,"minecraft:poppy":1,"minecraft:tall_grass":9,"regions_unexplored:meadow_sage":1,"regions_unexplored:daisy":7,"minecraft:sugar_cane":4,"regions_unexplored:hyssop":21,"treechop:chopped_log":1,"minecraft:grass":204,"minecraft:gravel":20,"minecraft:dirt":3,"regions_unexplored:medium_grass":46,"minecraft:stone":30,"regions_unexplored:fireweed":7},"minecraft:dropped":{"regions_unexplored:fireweed":5,"minecraft:cobblestone":5,"bewitchment:garlic_bread":1,"regions_unexplored:hyssop":19,"regions_unexplored:daisy":6,"bewitchment:aconite_seeds":5,"twigs:pebble":1,"bewitchment:mandrake_seeds":5,"minecraft:wooden_pickaxe":1,"bewitchment:belladonna_seeds":2},"minecraft:custom":{"minecraft:interact_with_furnace":17,"minecraft:interact_with_crafting_table":17,"minecraft:damage_dealt_resisted":0,"minecraft:interact_with_grindstone":1,"minecraft:time_since_death":29437,"minecraft:climb_one_cm":24,"minecraft:hex":0,"minecraft:time_since_rest":29437,"minecraft:sprint_one_cm":99773,"minecraft:damage_taken":213,"minecraft:walk_one_cm":79372,"minecraft:drop":14,"minecraft:damage_dealt":180,"minecraft:fly_one_cm":83263,"minecraft:swim_one_cm":2284,"minecraft:crouch_one_cm":2718,"minecraft:play_time":29437,"minecraft:sneak_time":669,"minecraft:walk_under_water_one_cm":119,"minecraft:jump":540,"minecraft:walk_on_water_one_cm":3107,"minecraft:total_world_time":29437,"minecraft:fall_one_cm":10957},"minecraft:used":{"bewitchment:garlic_bread":1,"minecraft:stone_sword":9,"minecraft:stone_pickaxe":26,"minecraft:wooden_pickaxe":3,"minecraft:torch":10,"farmersdelight:flint_knife":209,"minecraft:crafting_table":1,"minecraft:bread":4,"justhammers:stone_hammer":29,"minecraft:gravel":9,"minecraft:cobblestone":52,"minecraft:furnace":2,"minecraft:grindstone":1},"minecraft:picked_up":{"techreborn:raw_tin":3,"minecraft:allium":1,"minecraft:feather":2,"minecraft:red_mushroom":1,"minecraft:flint":2,"minecraft:oak_log":9,"bewitchment:aconite_seeds":5,"minecraft:dirt":5,"minecraft:raw_copper":15,"minecraft:wheat_seeds":30,"twigs:pebble":1,"bewitchment:mandrake_seeds":5,"farmersdelight:straw":55,"minecraft:sugar_cane":8,"minecraft:oak_planks":8,"minecraft:raw_iron":4,"minecraft:gravel":17,"bewitchment:belladonna_seeds":2,"regions_unexplored:daisy":6,"regions_unexplored:mauve_planks":4,"regions_unexplored:hyssop":19,"bewitchment:garlic":2,"regions_unexplored:fireweed":5,"croptopia:orange":25,"minecraft:oak_sapling":6,"twigs:tangerine_seashell":1,"minecraft:coal":26,"minecraft:cobblestone":202}},"DataVersion":3465}