{"stats":{"minecraft:crafted":{"minecraft:grindstone":3,"minecraft:oak_door":3,"minecraft:oak_planks":24,"minecraft:deepslate":3,"minecraft:crafting_table":3,"farmersdelight:canvas":5,"farmersdelight:flint_knife":1,"minecraft:wooden_pickaxe":1,"minecraft:furnace":5,"minecraft:copper_ingot":6,"minecraft:stone":18,"minecraft:air":0,"regions_unexplored:mauve_planks":24,"minecraft:diamond_pickaxe":1,"minecraft:charcoal":3,"justhammers:stone_hammer":5,"bewitchment:garlic_bread":2,"minecraft:stick":50,"minecraft:stone_slab":12,"minecraft:iron_ingot":4,"minecraft:iron_pickaxe":1,"minecraft:stone_pickaxe":1,"minecraft:torch":76,"bewitchment:grilled_garlic":2},"minecraft:mined":{"minecraft:large_amethyst_bud":4,"minecraft:tuff":2,"modern_industrialization:deepslate_tungsten_ore":1,"minecraft:deepslate_diamond_ore":13,"minecraft:medium_amethyst_bud":3,"minecraft:amethyst_cluster":10,"minecraft:crafting_table":2,"minecraft:torch":4,"botania:light_blue_mushroom":1,"minecraft:allium":1,"minecraft:calcite":4,"minecraft:grass_block":2,"minecraft:poppy":1,"indrev:sulfur_crystal":2,"minecraft:tall_grass":9,"minecraft:cobblestone":7,"minecraft:deepslate_gold_ore":8,"regions_unexplored:meadow_sage":1,"regions_unexplored:daisy":7,"minecraft:grindstone":2,"minecraft:sugar_cane":4,"regions_unexplored:hyssop":21,"jewelry:deepslate_gem_vein":1,"treechop:chopped_log":2,"minecraft:grass":204,"soulsweapons:moonstone_ore_deepslate":1,"minecraft:small_amethyst_bud":1,"minecraft:gravel":44,"minecraft:dirt":3,"regions_unexplored:medium_grass":46,"twigs:rhyolite":16,"minecraft:stone":30,"minecraft:deepslate":54,"regions_unexplored:fireweed":7},"minecraft:dropped":{"minecraft:iron_ingot":1,"regions_unexplored:fireweed":5,"minecraft:cobbled_deepslate":606,"minecraft:deepslate":6,"minecraft:cobblestone":91,"minecraft:rotten_flesh":2,"bewitchment:garlic_bread":1,"regions_unexplored:hyssop":19,"indrev:sulfur_crystal":3,"indrev:raw_tungsten":2,"regions_unexplored:daisy":6,"bewitchment:aconite_seeds":5,"twigs:tangerine_seashell":1,"twigs:pebble":8,"minecraft:stone":4,"bewitchment:mandrake_seeds":5,"techreborn:raw_tin":1,"modern_industrialization:raw_tungsten":1,"indrev:nikolite_dust":54,"minecraft:wooden_pickaxe":1,"bewitchment:belladonna_seeds":2,"minecraft:smooth_basalt":21},"minecraft:custom":{"minecraft:interact_with_furnace":31,"minecraft:interact_with_crafting_table":31,"minecraft:damage_dealt_resisted":0,"minecraft:interact_with_grindstone":8,"minecraft:leave_game":1,"minecraft:time_since_death":80686,"minecraft:climb_one_cm":24,"minecraft:hex":0,"minecraft:time_since_rest":80686,"minecraft:sprint_one_cm":151290,"minecraft:damage_taken":428,"minecraft:walk_one_cm":236014,"minecraft:drop":46,"minecraft:damage_dealt":194,"minecraft:swim_one_cm":7760,"minecraft:fly_one_cm":113732,"minecraft:open_chest":2,"minecraft:crouch_one_cm":8800,"minecraft:play_time":80686,"minecraft:sneak_time":3256,"minecraft:walk_under_water_one_cm":2764,"minecraft:jump":998,"minecraft:walk_on_water_one_cm":6625,"minecraft:total_world_time":80686,"minecraft:fall_one_cm":15145},"minecraft:used":{"bewitchment:garlic_bread":1,"minecraft:stone_sword":9,"minecraft:stone_pickaxe":64,"minecraft:wooden_pickaxe":3,"minecraft:oak_door":1,"minecraft:torch":57,"farmersdelight:flint_knife":230,"minecraft:crafting_table":4,"minecraft:bread":10,"minecraft:iron_pickaxe":84,"minecraft:gravel":11,"justhammers:stone_hammer":249,"minecraft:cobblestone":150,"minecraft:furnace":5,"minecraft:oak_sapling":6,"minecraft:grindstone":5,"minecraft:cobbled_deepslate":3},"minecraft:picked_up":{"minecraft:crafting_table":1,"techreborn:raw_tin":4,"minecraft:allium":1,"minecraft:feather":2,"minecraft:andesite":83,"jewelry:citrine":1,"minecraft:red_mushroom":1,"soulsweapons:moonstone":1,"minecraft:flint":5,"minecraft:tuff":63,"minecraft:oak_log":9,"indrev:raw_tungsten":2,"minecraft:amethyst_block":25,"minecraft:lapis_lazuli":15,"bewitchment:aconite_seeds":5,"minecraft:dirt":5,"minecraft:raw_copper":15,"minecraft:apple":1,"minecraft:wheat_seeds":30,"minecraft:cobbled_deepslate":836,"minecraft:raw_gold":8,"minecraft:grindstone":2,"twigs:pebble":8,"bewitchment:mandrake_seeds":5,"minecraft:iron_ingot":1,"farmersdelight:straw":55,"minecraft:calcite":17,"twigs:twig":1,"minecraft:sugar_cane":8,"minecraft:oak_planks":8,"minecraft:stone":3,"minecraft:raw_iron":4,"minecraft:smooth_basalt":21,"modern_industrialization:raw_tungsten":1,"minecraft:torch":5,"minecraft:gravel":42,"bewitchment:belladonna_seeds":2,"minecraft:amethyst_shard":42,"minecraft:diorite":48,"regions_unexplored:daisy":6,"indrev:sulfur_crystal":6,"regions_unexplored:mauve_planks":11,"minecraft:deepslate":3,"regions_unexplored:hyssop":19,"minecraft:arrow":2,"bewitchment:garlic":2,"minecraft:rotten_flesh":2,"regions_unexplored:fireweed":5,"minecraft:diamond":13,"regions_unexplored:mauve_log":6,"croptopia:orange":25,"indrev:nikolite_dust":54,"minecraft:oak_sapling":6,"twigs:tangerine_seashell":1,"minecraft:coal":36,"minecraft:cobblestone":420}},"DataVersion":3465}