{"stats":{"minecraft:crafted":{"minecraft:furnace":1,"minecraft:oak_planks":20,"minecraft:stone":3,"justhammers:stone_hammer":1,"minecraft:crafting_table":1,"minecraft:stick":8,"minecraft:air":0,"minecraft:stone_pickaxe":1,"minecraft:wooden_pickaxe":1},"minecraft:mined":{"minecraft:grass":35,"regions_unexplored:hyssop":11,"regions_unexplored:medium_grass":26,"minecraft:stone":28,"regions_unexplored:meadow_sage":1,"regions_unexplored:daisy":3,"regions_unexplored:fireweed":5},"minecraft:dropped":{"minecraft:cobblestone":5,"minecraft:wooden_pickaxe":1},"minecraft:custom":{"minecraft:time_since_rest":5437,"minecraft:interact_with_furnace":4,"minecraft:crouch_one_cm":322,"minecraft:play_time":5437,"minecraft:sprint_one_cm":15300,"minecraft:walk_one_cm":14285,"minecraft:sneak_time":47,"minecraft:drop":2,"minecraft:jump":68,"minecraft:time_since_death":5437,"minecraft:total_world_time":5437,"minecraft:hex":0,"minecraft:interact_with_crafting_table":7,"minecraft:fly_one_cm":10852,"minecraft:fall_one_cm":1254},"minecraft:used":{"minecraft:crafting_table":1,"minecraft:furnace":1,"minecraft:stone_pickaxe":25,"minecraft:wooden_pickaxe":3,"justhammers:stone_hammer":2},"minecraft:picked_up":{"regions_unexplored:hyssop":9,"regions_unexplored:fireweed":3,"minecraft:wheat_seeds":8,"croptopia:orange":11,"bewitchment:mandrake_seeds":2,"minecraft:oak_log":5,"minecraft:oak_sapling":2,"regions_unexplored:daisy":3,"minecraft:cobblestone":39}},"DataVersion":3465}