{"stats":{"minecraft:crafted":{"minecraft:grindstone":4,"minecraft:oak_door":3,"minecraft:oak_planks":116,"farmersdelight:canvas":5,"minecraft:furnace":5,"minecraft:stone":32,"immersive_armors:wooden_chestplate":2,"regions_unexplored:mauve_planks":24,"bewitchment:garlic_bread":2,"minecraft:stone_pickaxe":1,"minecraft:oak_button":1,"immersive_armors:wooden_helmet":6,"bewitchment:grilled_garlic":2,"minecraft:deepslate":3,"minecraft:crafting_table":5,"farmersdelight:flint_knife":1,"minecraft:wooden_pickaxe":1,"immersive_armors:wooden_leggings":2,"minecraft:copper_ingot":38,"minecraft:stone_axe":9,"minecraft:air":0,"immersive_armors:wooden_boots":5,"minecraft:oak_boat":2,"minecraft:diamond_pickaxe":1,"minecraft:charcoal":3,"justhammers:stone_hammer":10,"minecraft:stick":100,"minecraft:stone_slab":12,"minecraft:iron_ingot":6,"minecraft:iron_pickaxe":1,"minecraft:gold_ingot":8,"minecraft:torch":76},"minecraft:mined":{"minecraft:large_amethyst_bud":4,"minecraft:tuff":2,"minecraft:cobbled_deepslate_stairs":2,"minecraft:deepslate_diamond_ore":13,"minecraft:mossy_stone_brick_slab":1,"botania:light_blue_mushroom":1,"minecraft:allium":1,"minecraft:grass_block":6,"minecraft:moss_block":1,"minecraft:carrots":27,"treechop:chopped_log":15,"soulsweapons:moonstone_ore_deepslate":1,"minecraft:potatoes":25,"minecraft:deepslate_iron_ore":1,"expandeddelight:wild_asparagus":11,"minecraft:small_amethyst_bud":1,"regions_unexplored:medium_grass":61,"minecraft:stone":31,"modern_industrialization:deepslate_tungsten_ore":1,"minecraft:medium_amethyst_bud":3,"minecraft:amethyst_cluster":10,"minecraft:stone_brick_slab":1,"minecraft:crafting_table":2,"minecraft:torch":6,"things:deepslate_gleaming_ore":1,"minecraft:calcite":4,"minecraft:poppy":1,"regions_unexplored:silt_dirt":2,"indrev:sulfur_crystal":2,"supplementaries:wild_flax":2,"minecraft:tall_grass":15,"minecraft:cobblestone":9,"regions_unexplored:meadow_sage":1,"minecraft:deepslate_gold_ore":8,"regions_unexplored:daisy":7,"minecraft:grindstone":3,"minecraft:sugar_cane":7,"minecraft:oak_planks":4,"minecraft:wall_torch":4,"minecraft:birch_planks":1,"regions_unexplored:hyssop":21,"graveyard:oak_coffin":1,"jewelry:deepslate_gem_vein":1,"minecraft:wheat":53,"minecraft:gray_bed":1,"minecraft:spruce_log":3,"minecraft:grass":262,"minecraft:oak_log":7,"minecraft:coal_ore":15,"minecraft:beetroots":16,"minecraft:end_rod":1,"minecraft:gravel":44,"minecraft:dirt":5,"twigs:rhyolite":16,"minecraft:deepslate":60,"minecraft:fern":12,"regions_unexplored:fireweed":7},"minecraft:dropped":{"minecraft:iron_ingot":1,"minecraft:brown_mushroom":1,"regions_unexplored:fireweed":5,"minecraft:moss_block":1,"minecraft:wheat_seeds":9,"minecraft:mossy_cobblestone":1,"minecraft:cobblestone":105,"bewitchment:garlic_bread":1,"regions_unexplored:silver_birch_sapling":20,"indrev:raw_tungsten":2,"indrev:sulfur_crystal":3,"regions_unexplored:daisy":6,"minecraft:red_mushroom":8,"minecraft:end_rod":1,"minecraft:flint":4,"bewitchment:aconite_seeds":6,"twigs:pebble":8,"minecraft:cobweb":4,"minecraft:dirt":3,"techreborn:raw_tin":1,"minecraft:torch":3,"immersive_armors:wooden_leggings":2,"immersive_armors:wooden_chestplate":3,"bewitchment:belladonna_seeds":2,"minecraft:stone_brick_slab":1,"minecraft:smooth_basalt":21,"expandeddelight:asparagus":9,"minecraft:stone_axe":1,"minecraft:iron_nugget":11,"minecraft:stone_sword":1,"minecraft:cobbled_deepslate":670,"minecraft:deepslate":6,"immersive_armors:wooden_boots":1,"minecraft:rotten_flesh":2,"minecraft:oak_planks":4,"minecraft:mossy_stone_brick_slab":1,"regions_unexplored:hyssop":19,"twigs:tangerine_seashell":1,"minecraft:tipped_arrow":2,"minecraft:stone":6,"bewitchment:mandrake_seeds":5,"minecraft:gunpowder":3,"minecraft:melon_seeds":2,"minecraft:oak_boat":2,"modern_industrialization:raw_tungsten":1,"indrev:nikolite_dust":54,"minecraft:stone_pickaxe":1,"minecraft:wooden_pickaxe":1,"frostiful:frost_tipped_arrow":1,"graveyard:oak_coffin":1,"immersive_armors:wooden_helmet":1},"minecraft:broken":{"minecraft:stone_axe":1},"minecraft:custom":{"lootr:looted_stat":13,"minecraft:mob_kills":6,"minecraft:interact_with_crafting_table":60,"minecraft:damage_dealt_resisted":0,"minecraft:leave_game":1,"minecraft:time_since_death":156715,"minecraft:climb_one_cm":405,"minecraft:sprint_one_cm":314344,"minecraft:walk_one_cm":439496,"minecraft:damage_blocked_by_shield":496,"minecraft:drop":98,"minecraft:talked_to_villager":2,"minecraft:play_time":156715,"minecraft:sneak_time":4413,"minecraft:walk_under_water_one_cm":3941,"minecraft:jump":2027,"minecraft:walk_on_water_one_cm":9319,"minecraft:total_world_time":156715,"minecraft:interact_with_furnace":54,"minecraft:interact_with_grindstone":9,"minecraft:hex":0,"minecraft:time_since_rest":156715,"minecraft:damage_taken":727,"minecraft:damage_dealt":1364,"minecraft:swim_one_cm":9238,"minecraft:fly_one_cm":292275,"minecraft:open_chest":19,"minecraft:crouch_one_cm":11656,"minecraft:fall_one_cm":35418},"minecraft:used":{"regions_unexplored:silt_dirt":1,"minecraft:stone_sword":9,"minecraft:shield":13,"minecraft:oak_door":1,"minecraft:torch":75,"farmersdelight:flint_knife":304,"minecraft:oak_sapling":11,"minecraft:furnace":5,"minecraft:cobbled_deepslate":5,"bewitchment:garlic_bread":1,"minecraft:oak_planks":66,"minecraft:stone_pickaxe":64,"minecraft:wooden_pickaxe":3,"minecraft:crafting_table":6,"croptopia:orange":11,"minecraft:diamond_pickaxe":17,"minecraft:apple":3,"minecraft:iron_pickaxe":115,"minecraft:bread":18,"minecraft:oak_button":1,"minecraft:gravel":17,"justhammers:stone_hammer":266,"minecraft:stone_axe":120,"minecraft:cobblestone":150,"minecraft:grindstone":5},"minecraft:killed":{"minecraft:skeleton":1,"minecraft:pillager":1,"minecraft:zombie":2,"minecraft:stray":1,"minecraft:enderman":1},"minecraft:picked_up":{"techreborn:raw_tin":4,"minecraft:allium":1,"minecraft:crafting_table":1,"things:gleaming_powder":1,"paladins:priest_robe_chest":1,"minecraft:brown_mushroom":1,"jewelry:citrine":1,"regions_unexplored:silt_dirt":1,"soulsweapons:moonstone":1,"minecraft:amethyst_block":25,"minecraft:raw_copper":15,"minecraft:beetroot":15,"minecraft:cobbled_deepslate":837,"twigs:pebble":8,"farmersdelight:straw":55,"immersive_armors:wooden_leggings":1,"minecraft:calcite":17,"minecraft:iron_nugget":10,"minecraft:sugar_cane":16,"minecraft:iron_boots":1,"minecraft:tipped_arrow":2,"minecraft:stick":5,"minecraft:raw_iron":5,"minecraft:stone":3,"minecraft:torch":14,"minecraft:diorite":48,"minecraft:carrot":64,"regions_unexplored:daisy":6,"minecraft:arrow":2,"bewitchment:garlic":2,"minecraft:rotten_flesh":2,"expandeddelight:asparagus":9,"regions_unexplored:mauve_log":6,"minecraft:end_rod":2,"twigs:tangerine_seashell":1,"minecraft:skeleton_skull":1,"minecraft:cobblestone":483,"minecraft:feather":2,"minecraft:andesite":83,"minecraft:red_mushroom":9,"minecraft:potato":48,"minecraft:flint":5,"supplementaries:flax_seeds":2,"minecraft:tuff":63,"minecraft:oak_log":38,"indrev:raw_tungsten":2,"minecraft:cobbled_deepslate_stairs":1,"minecraft:gunpowder":3,"bewitchment:aconite_seeds":6,"minecraft:lapis_lazuli":15,"minecraft:dirt":8,"frostiful:frost_tipped_arrow":2,"minecraft:apple":3,"minecraft:wheat_seeds":39,"minecraft:raw_gold":8,"bewitchment:mandrake_seeds":5,"minecraft:grindstone":3,"minecraft:iron_ingot":2,"minecraft:cobweb":4,"minecraft:moss_block":1,"twigs:twig":12,"minecraft:gray_bed":1,"minecraft:oak_planks":16,"regions_unexplored:silver_birch_sapling":20,"minecraft:smooth_basalt":21,"modern_industrialization:raw_tungsten":1,"minecraft:stone_brick_slab":1,"minecraft:gravel":42,"bewitchment:belladonna_seeds":2,"minecraft:amethyst_shard":42,"minecraft:mossy_stone_brick_slab":1,"minecraft:mossy_cobblestone":1,"indrev:sulfur_crystal":6,"regions_unexplored:mauve_planks":11,"graveyard:oak_coffin":1,"regions_unexplored:hyssop":19,"minecraft:pumpkin_seeds":3,"minecraft:diamond":13,"regions_unexplored:fireweed":5,"minecraft:deepslate":3,"immersive_armors:wooden_chestplate":2,"regions_unexplored:silver_birch_log":77,"croptopia:orange":25,"indrev:nikolite_dust":54,"minecraft:oak_sapling":11,"minecraft:melon_seeds":2,"minecraft:coal":70}},"DataVersion":3465}