{"stats":{"minecraft:crafted":{"minecraft:grindstone":3,"minecraft:oak_door":3,"minecraft:oak_planks":24,"minecraft:crafting_table":3,"farmersdelight:canvas":5,"farmersdelight:flint_knife":1,"minecraft:wooden_pickaxe":1,"minecraft:furnace":3,"minecraft:copper_ingot":6,"minecraft:stone":15,"minecraft:air":0,"regions_unexplored:mauve_planks":24,"minecraft:charcoal":3,"justhammers:stone_hammer":4,"bewitchment:garlic_bread":2,"minecraft:stick":42,"minecraft:stone_slab":12,"minecraft:iron_ingot":4,"minecraft:iron_pickaxe":1,"minecraft:stone_pickaxe":1,"minecraft:torch":76,"bewitchment:grilled_garlic":2},"minecraft:mined":{"minecraft:large_amethyst_bud":4,"minecraft:tuff":2,"modern_industrialization:deepslate_tungsten_ore":1,"minecraft:deepslate_diamond_ore":11,"minecraft:medium_amethyst_bud":3,"minecraft:amethyst_cluster":10,"minecraft:crafting_table":1,"minecraft:torch":4,"botania:light_blue_mushroom":1,"minecraft:allium":1,"minecraft:calcite":4,"minecraft:grass_block":2,"minecraft:poppy":1,"indrev:sulfur_crystal":2,"minecraft:tall_grass":9,"minecraft:cobblestone":7,"regions_unexplored:meadow_sage":1,"regions_unexplored:daisy":7,"minecraft:grindstone":2,"minecraft:sugar_cane":4,"regions_unexplored:hyssop":21,"treechop:chopped_log":2,"minecraft:grass":204,"soulsweapons:moonstone_ore_deepslate":1,"minecraft:small_amethyst_bud":1,"minecraft:gravel":44,"minecraft:dirt":3,"regions_unexplored:medium_grass":46,"twigs:rhyolite":16,"minecraft:stone":30,"minecraft:deepslate":51,"regions_unexplored:fireweed":7},"minecraft:dropped":{"minecraft:iron_ingot":1,"regions_unexplored:fireweed":5,"minecraft:cobbled_deepslate":587,"minecraft:cobblestone":91,"minecraft:rotten_flesh":2,"bewitchment:garlic_bread":1,"regions_unexplored:hyssop":19,"indrev:raw_tungsten":2,"regions_unexplored:daisy":6,"bewitchment:aconite_seeds":5,"twigs:tangerine_seashell":1,"twigs:pebble":8,"minecraft:stone":3,"bewitchment:mandrake_seeds":5,"indrev:nikolite_dust":54,"minecraft:wooden_pickaxe":1,"bewitchment:belladonna_seeds":2,"minecraft:smooth_basalt":21},"minecraft:custom":{"minecraft:interact_with_furnace":24,"minecraft:interact_with_crafting_table":27,"minecraft:damage_dealt_resisted":0,"minecraft:interact_with_grindstone":7,"minecraft:leave_game":1,"minecraft:time_since_death":68686,"minecraft:climb_one_cm":24,"minecraft:hex":0,"minecraft:time_since_rest":68686,"minecraft:sprint_one_cm":124881,"minecraft:damage_taken":383,"minecraft:walk_one_cm":198167,"minecraft:drop":38,"minecraft:damage_dealt":194,"minecraft:swim_one_cm":7760,"minecraft:fly_one_cm":108269,"minecraft:open_chest":2,"minecraft:crouch_one_cm":7880,"minecraft:play_time":68686,"minecraft:sneak_time":2853,"minecraft:walk_under_water_one_cm":2764,"minecraft:jump":891,"minecraft:walk_on_water_one_cm":6625,"minecraft:total_world_time":68686,"minecraft:fall_one_cm":14725},"minecraft:used":{"bewitchment:garlic_bread":1,"minecraft:stone_sword":9,"minecraft:stone_pickaxe":64,"minecraft:wooden_pickaxe":3,"minecraft:oak_door":1,"minecraft:torch":52,"farmersdelight:flint_knife":230,"minecraft:crafting_table":3,"minecraft:bread":7,"minecraft:iron_pickaxe":71,"minecraft:gravel":9,"justhammers:stone_hammer":169,"minecraft:cobblestone":150,"minecraft:furnace":3,"minecraft:oak_sapling":6,"minecraft:grindstone":4,"minecraft:cobbled_deepslate":1},"minecraft:picked_up":{"techreborn:raw_tin":4,"minecraft:allium":1,"minecraft:feather":2,"minecraft:andesite":83,"minecraft:red_mushroom":1,"soulsweapons:moonstone":1,"minecraft:flint":5,"minecraft:tuff":22,"minecraft:oak_log":9,"indrev:raw_tungsten":2,"minecraft:amethyst_block":25,"minecraft:lapis_lazuli":15,"bewitchment:aconite_seeds":5,"minecraft:dirt":5,"minecraft:raw_copper":15,"minecraft:apple":1,"minecraft:wheat_seeds":30,"minecraft:cobbled_deepslate":739,"minecraft:grindstone":2,"twigs:pebble":8,"bewitchment:mandrake_seeds":5,"minecraft:iron_ingot":1,"farmersdelight:straw":55,"minecraft:calcite":17,"twigs:twig":1,"minecraft:sugar_cane":8,"minecraft:oak_planks":8,"minecraft:stone":3,"minecraft:raw_iron":4,"minecraft:smooth_basalt":21,"modern_industrialization:raw_tungsten":1,"minecraft:torch":5,"minecraft:gravel":42,"bewitchment:belladonna_seeds":2,"minecraft:amethyst_shard":42,"minecraft:diorite":48,"regions_unexplored:daisy":6,"indrev:sulfur_crystal":3,"regions_unexplored:mauve_planks":4,"regions_unexplored:hyssop":19,"minecraft:arrow":2,"bewitchment:garlic":2,"minecraft:rotten_flesh":2,"regions_unexplored:fireweed":5,"minecraft:diamond":11,"regions_unexplored:mauve_log":6,"croptopia:orange":25,"indrev:nikolite_dust":54,"minecraft:oak_sapling":6,"twigs:tangerine_seashell":1,"minecraft:coal":36,"minecraft:cobblestone":420}},"DataVersion":3465}