{"stats":{"minecraft:crafted":{"minecraft:oak_planks":24,"minecraft:charcoal":3,"justhammers:stone_hammer":1,"minecraft:crafting_table":1,"minecraft:stone_slab":6,"minecraft:stick":16,"farmersdelight:canvas":5,"farmersdelight:flint_knife":1,"minecraft:wooden_pickaxe":1,"minecraft:stone_pickaxe":1,"minecraft:furnace":1,"minecraft:stone":6,"minecraft:torch":8,"minecraft:air":0},"minecraft:mined":{"regions_unexplored:hyssop":21,"treechop:chopped_log":1,"minecraft:grass":204,"minecraft:allium":1,"minecraft:grass_block":2,"minecraft:poppy":1,"minecraft:dirt":3,"minecraft:gravel":20,"minecraft:tall_grass":9,"regions_unexplored:medium_grass":45,"regions_unexplored:meadow_sage":1,"regions_unexplored:daisy":7,"minecraft:stone":30,"regions_unexplored:fireweed":7},"minecraft:dropped":{"regions_unexplored:fireweed":4,"minecraft:cobblestone":5,"minecraft:wooden_pickaxe":1,"regions_unexplored:hyssop":19},"minecraft:custom":{"minecraft:time_since_rest":17437,"minecraft:interact_with_furnace":11,"minecraft:sprint_one_cm":40944,"minecraft:walk_one_cm":42533,"minecraft:drop":7,"minecraft:swim_one_cm":2284,"minecraft:interact_with_crafting_table":12,"minecraft:fly_one_cm":21237,"minecraft:crouch_one_cm":2116,"minecraft:play_time":17437,"minecraft:sneak_time":536,"minecraft:walk_under_water_one_cm":119,"minecraft:jump":185,"minecraft:walk_on_water_one_cm":1605,"minecraft:time_since_death":17437,"minecraft:total_world_time":17437,"minecraft:hex":0,"minecraft:fall_one_cm":2986},"minecraft:used":{"minecraft:stone_pickaxe":26,"minecraft:wooden_pickaxe":3,"minecraft:gravel":9,"justhammers:stone_hammer":24,"minecraft:torch":7,"minecraft:cobblestone":48,"farmersdelight:flint_knife":209,"minecraft:crafting_table":1,"minecraft:furnace":1},"minecraft:picked_up":{"techreborn:raw_tin":3,"minecraft:raw_iron":4,"minecraft:allium":1,"minecraft:red_mushroom":1,"minecraft:gravel":17,"bewitchment:belladonna_seeds":2,"minecraft:flint":2,"minecraft:oak_log":9,"minecraft:dirt":5,"bewitchment:aconite_seeds":5,"regions_unexplored:daisy":6,"minecraft:raw_copper":15,"regions_unexplored:mauve_planks":4,"regions_unexplored:hyssop":19,"bewitchment:garlic":2,"regions_unexplored:fireweed":4,"minecraft:wheat_seeds":30,"twigs:pebble":1,"bewitchment:mandrake_seeds":5,"croptopia:orange":25,"farmersdelight:straw":55,"minecraft:oak_sapling":6,"minecraft:oak_planks":8,"minecraft:coal":13,"minecraft:cobblestone":171}},"DataVersion":3465}